supplier,item_category,order_status,compliance,quantity,order_date,delivery_date,delivery_lead_time,unit_price,negotiated_price,actual_spend,savings_per_unit,total_savings,savings_percentage,defective_units,defect_rate
Alpha_Inc,Office Supplies,Cancelled,Yes,1176,2023-10-17,2023-10-25,8.0,20.13,17.81,20944.559999999998,2.32,2728.32,11.53,,
Delta_Logistics,Office Supplies,Delivered,Yes,1509,2022-04-25,2022-05-05,10.0,39.32,37.34,56346.060000000005,1.98,2987.82,5.04,235.0,15.573227302849569
Gamma_Co,MRO,Delivered,Yes,910,2022-01-26,2022-02-15,20.0,95.51,92.26,83956.6,3.25,2957.5,3.4000000000000004,41.0,4.5054945054945055
Beta_Supplies,Packaging,Delivered,Yes,1344,2022-10-09,2022-10-28,19.0,99.85,95.52,128378.87999999999,4.33,5819.52,4.34,112.0,8.333333333333332
Delta_Logistics,Raw Materials,Delivered,No,1180,2022-09-08,2022-09-20,12.0,64.07,60.53,71425.4,3.54,4177.2,5.53,171.0,14.491525423728813
Epsilon_Group,MRO,Delivered,Yes,1145,2022-08-17,2022-08-29,12.0,69.21,63.57,72787.65,5.64,6457.8,8.15,39.0,3.406113537117904
Gamma_Co,MRO,Delivered,No,1774,2022-05-23,2022-06-03,11.0,51.37,47.82,84832.68000000001,3.55,6297.7,6.909999999999999,96.0,5.411499436302142
Alpha_Inc,MRO,Delivered,Yes,1094,2022-04-15,2022-04-29,14.0,36.93,32.78,35861.32,4.15,4540.1,11.24,22.0,2.010968921389397
Gamma_Co,Raw Materials,Partially Delivered,Yes,1688,2023-11-24,2023-11-28,4.0,43.93,39.89,67334.32,4.04,6819.52,9.2,89.0,
Gamma_Co,Raw Materials,Pending,Yes,171,2023-07-13,2023-07-25,12.0,76.87,70.2,12004.2,6.67,1140.57,8.68,8.0,
Epsilon_Group,Raw Materials,Delivered,Yes,5000,2022-03-31,2022-04-15,15.0,78.49,73.68,368400.00000000006,4.81,24050.0,6.13,18.0,0.36
Beta_Supplies,Raw Materials,Delivered,Yes,5000,2023-08-28,2023-09-11,14.0,88.96,86.58,432900.0,2.38,11900.0,2.68,115.0,2.3
Beta_Supplies,Electronics,Pending,Yes,5000,2023-03-09,2023-03-26,17.0,86.74,74.86,374300.0,11.88,59400.0,13.700000000000001,51.0,
Beta_Supplies,MRO,Delivered,Yes,5000,2022-02-02,,,18.3,16.88,84400.0,1.42,7100.0,7.76,,
Delta_Logistics,Electronics,Pending,Yes,5000,2022-01-31,2022-02-18,18.0,54.5,48.45,242250.0,6.05,30250.0,11.1,22.0,
Beta_Supplies,Packaging,Delivered,Yes,5000,2022-04-06,2022-04-21,15.0,15.41,15.12,75600.0,0.29,1450.0,1.8800000000000001,,
Delta_Logistics,MRO,Delivered,No,1173,2022-08-12,2022-08-31,19.0,61.54,55.49,65089.770000000004,6.05,7096.65,9.83,172.0,14.663256606990622
Epsilon_Group,Raw Materials,Delivered,Yes,921,2022-08-27,2022-09-04,8.0,51.48,50.61,46611.81,0.87,801.27,1.69,,
Gamma_Co,Raw Materials,Partially Delivered,Yes,1737,2023-06-02,2023-06-05,3.0,97.53,87.37,151761.69,10.16,17647.92,10.42,79.0,
Delta_Logistics,Raw Materials,Delivered,No,180,2023-09-09,2023-09-24,15.0,45.74,38.89,7000.2,6.85,1233.0,14.979999999999999,,
Epsilon_Group,Electronics,Cancelled,Yes,1735,2022-01-28,2022-02-12,15.0,20.54,19.69,34162.15,0.85,1474.75,4.14,49.0,
Delta_Logistics,Raw Materials,Delivered,Yes,1382,2023-07-29,2023-08-11,13.0,24.93,23.75,32822.5,1.18,1630.76,4.73,,
Epsilon_Group,MRO,Delivered,Yes,819,2022-07-23,2022-08-08,16.0,80.89,77.03,63087.57,3.86,3161.34,4.77,29.0,3.5409035409035408
Beta_Supplies,Office Supplies,Partially Delivered,No,393,2023-10-28,2023-11-03,6.0,72.53,66.31,26059.83,6.22,2444.46,8.58,42.0,
Beta_Supplies,MRO,Delivered,Yes,1565,2023-12-20,2024-01-01,12.0,21.3,20.09,31440.85,1.21,1893.65,5.680000000000001,161.0,10.287539936102236
Epsilon_Group,Packaging,Delivered,Yes,1487,2023-07-13,2023-07-24,11.0,19.15,17.24,25635.879999999997,1.91,2840.17,9.969999999999999,,
Alpha_Inc,MRO,Delivered,Yes,855,2023-03-06,2023-03-26,20.0,78.2,67.16,57421.799999999996,11.04,9439.2,14.12,17.0,1.9883040935672516
Epsilon_Group,Raw Materials,Delivered,Yes,435,2022-08-14,2022-08-23,9.0,17.13,15.84,6890.4,1.29,561.15,7.53,8.0,1.839080459770115
Delta_Logistics,MRO,Delivered,Yes,1265,2023-04-05,2023-04-22,17.0,90.26,79.47,100529.55,10.79,13649.35,11.95,187.0,14.782608695652174
Epsilon_Group,MRO,Delivered,Yes,1005,2023-08-27,,,80.55,73.31,73676.55,7.24,7276.2,8.99,30.0,
Gamma_Co,Electronics,Delivered,No,326,2022-10-12,2022-10-26,14.0,18.1,15.92,5189.92,2.18,710.68,12.04,,
Alpha_Inc,Office Supplies,Delivered,Yes,1234,2022-01-07,2022-01-15,8.0,17.64,15.66,19324.44,1.98,2443.32,11.219999999999999,26.0,2.106969205834684
Epsilon_Group,MRO,Delivered,Yes,509,2022-06-13,2022-06-29,16.0,101.27,97.82,49790.38,3.45,1756.05,3.4099999999999997,19.0,3.732809430255403
Alpha_Inc,Packaging,Delivered,Yes,1387,2023-12-16,2023-12-17,1.0,48.71,43.71,60625.770000000004,5.0,6935.0,10.26,27.0,1.9466474405191059
Alpha_Inc,MRO,Delivered,Yes,71,2023-03-09,2023-03-17,8.0,46.39,43.18,3065.78,3.21,227.91,6.92,0.0,0.0
Epsilon_Group,Office Supplies,Delivered,Yes,302,2022-12-15,2022-12-23,8.0,87.73,81.52,24619.039999999997,6.21,1875.42,7.08,9.0,2.980132450331126
Epsilon_Group,Office Supplies,Pending,Yes,797,2022-10-12,2022-10-31,19.0,99.54,91.37,72821.89,8.17,6511.49,8.21,18.0,
Beta_Supplies,Office Supplies,Pending,Yes,906,2022-06-09,2022-06-27,18.0,101.21,90.9,82355.40000000001,10.31,9340.86,10.190000000000001,94.0,
Epsilon_Group,Office Supplies,Delivered,Yes,1634,2022-08-09,2022-08-23,14.0,80.53,76.15,124429.1,4.38,7156.92,5.4399999999999995,50.0,3.0599755201958385
Epsilon_Group,Office Supplies,Delivered,Yes,524,2022-12-11,,,46.28,39.65,20776.6,6.63,3474.12,14.330000000000002,14.0,
Beta_Supplies,Electronics,Delivered,Yes,1132,2022-04-15,2022-04-27,12.0,17.78,15.36,17387.52,2.42,2739.44,13.61,96.0,8.480565371024735
Beta_Supplies,Office Supplies,Delivered,No,560,2022-04-05,2022-04-14,9.0,81.14,77.87,43607.200000000004,3.27,1831.2,4.03,34.0,6.071428571428571
Gamma_Co,Electronics,Delivered,Yes,1755,2023-01-25,2023-02-02,8.0,63.87,58.4,102492.0,5.47,9599.85,8.559999999999999,85.0,4.843304843304843
Epsilon_Group,MRO,Delivered,Yes,1549,2022-04-10,2022-04-17,7.0,48.9,42.42,65708.58,6.48,10037.52,13.25,48.0,3.0987734021949644
Delta_Logistics,MRO,Delivered,Yes,749,2023-01-03,2023-01-21,18.0,97.07,94.16,70525.84,2.91,2179.59,3.0,123.0,16.421895861148197
Alpha_Inc,Electronics,Delivered,Yes,1025,2022-12-19,,,21.11,19.25,19731.25,1.86,1906.5,8.81,15.0,
Beta_Supplies,Raw Materials,Delivered,Yes,1856,2023-09-11,2023-09-18,7.0,59.77,50.81,94303.36,8.96,16629.76,14.99,191.0,10.29094827586207
Epsilon_Group,Office Supplies,Delivered,Yes,239,2022-09-28,2022-10-14,16.0,11.46,11.28,2695.92,0.18,43.02,1.5699999999999998,4.0,1.6736401673640167
Delta_Logistics,Office Supplies,Pending,Yes,1007,2022-02-14,2022-03-05,19.0,52.44,46.06,46382.420000000006,6.38,6424.66,12.17,167.0,
Alpha_Inc,MRO,Pending,Yes,736,2023-04-16,,,16.2,15.33,11282.88,0.87,640.32,5.37,18.0,
Epsilon_Group,Electronics,Delivered,Yes,1007,2023-07-04,2023-07-14,10.0,22.56,19.59,19727.13,2.97,2990.79,13.16,,
Delta_Logistics,Office Supplies,Delivered,Yes,612,2022-05-08,,,20.99,19.75,12087.0,1.24,758.88,5.91,102.0,
Alpha_Inc,MRO,Pending,No,1949,2023-01-23,2023-02-02,10.0,72.53,63.26,123293.73999999999,9.27,18067.23,12.78,48.0,
Delta_Logistics,Office Supplies,Cancelled,No,1640,2022-03-22,2022-03-28,6.0,77.92,76.41,125312.4,1.51,2476.4,1.94,262.0,
Beta_Supplies,Electronics,Delivered,Yes,1317,2023-07-20,2023-08-07,18.0,68.13,60.52,79704.84000000001,7.61,10022.37,11.17,136.0,10.32649962034928
Epsilon_Group,Raw Materials,Delivered,Yes,881,2022-10-28,2022-10-30,2.0,100.94,95.05,83739.05,5.89,5189.09,5.84,30.0,3.40522133938706
Delta_Logistics,Packaging,Delivered,Yes,1578,2023-10-06,,,48.33,42.77,67491.06,5.56,8773.68,11.5,206.0,
Delta_Logistics,MRO,Delivered,Yes,1204,2023-09-26,2023-10-01,5.0,39.29,35.44,42669.759999999995,3.85,4635.4,9.8,,
Epsilon_Group,MRO,Pending,Yes,1558,2023-01-06,2023-01-22,16.0,93.46,91.27,142198.66,2.19,3412.02,2.34,39.0,
Alpha_Inc,Packaging,Delivered,Yes,1892,2023-08-15,2023-08-16,1.0,32.99,28.81,54508.52,4.18,7908.56,12.67,35.0,1.849894291754757
Epsilon_Group,Packaging,Delivered,Yes,696,2022-07-16,2022-08-01,16.0,99.59,90.18,62765.280000000006,9.41,6549.36,9.45,25.0,3.5919540229885056
Delta_Logistics,MRO,Partially Delivered,Yes,70,2023-12-23,2024-01-03,11.0,12.37,11.04,772.8,1.33,93.1,10.75,10.0,
Gamma_Co,Raw Materials,Delivered,Yes,890,2022-03-13,2022-03-15,2.0,98.26,93.14,82894.6,5.12,4556.8,5.21,49.0,5.50561797752809
Alpha_Inc,MRO,Delivered,Yes,216,2022-02-16,2022-03-04,16.0,13.95,12.31,2658.96,1.64,354.24,11.76,5.0,2.314814814814815
Delta_Logistics,Packaging,Delivered,Yes,1347,2023-11-09,2023-11-12,3.0,100.13,94.3,127022.09999999999,5.83,7853.01,5.82,200.0,14.847809948032664
Gamma_Co,Office Supplies,Partially Delivered,No,437,2022-08-22,2022-08-25,3.0,59.51,56.45,24668.65,3.06,1337.22,5.140000000000001,25.0,
Alpha_Inc,Electronics,Delivered,Yes,650,2022-10-24,2022-10-26,2.0,103.84,88.28,57382.0,15.56,10114.0,14.979999999999999,12.0,1.8461538461538463
Beta_Supplies,Office Supplies,Delivered,Yes,365,2022-03-23,2022-04-11,19.0,16.81,15.41,5624.65,1.4,511.0,8.33,38.0,10.41095890410959
Epsilon_Group,Raw Materials,Cancelled,Yes,63,2022-08-27,,,61.94,53.8,3389.3999999999996,8.14,512.82,13.139999999999999,,
Alpha_Inc,MRO,Delivered,Yes,291,2022-04-14,2022-04-22,8.0,98.7,87.02,25322.82,11.68,3398.88,11.83,9.0,3.0927835051546393
Alpha_Inc,MRO,Cancelled,Yes,826,2023-01-25,2023-02-08,14.0,60.5,57.18,47230.68,3.32,2742.32,5.489999999999999,18.0,
Delta_Logistics,Electronics,Pending,Yes,1419,2022-10-12,2022-11-01,20.0,69.64,59.28,84118.32,10.36,14700.84,14.879999999999999,194.0,
Gamma_Co,Office Supplies,Delivered,Yes,614,2023-04-10,2023-04-27,17.0,78.06,73.95,45405.3,4.11,2523.54,5.27,40.0,6.514657980456026
Alpha_Inc,Electronics,Delivered,Yes,947,2023-10-13,2023-10-28,15.0,56.25,54.25,51374.75,2.0,1894.0,3.56,19.0,2.0063357972544877
Epsilon_Group,Raw Materials,Delivered,Yes,1413,2023-01-09,2023-01-28,19.0,70.47,69.65,98415.45000000001,0.82,1158.66,1.16,,
Alpha_Inc,Office Supplies,Partially Delivered,Yes,141,2022-06-16,,,64.15,58.32,8223.12,5.83,822.03,9.09,,
Alpha_Inc,Office Supplies,Delivered,Yes,1440,2023-01-15,2023-02-04,20.0,96.57,83.87,120772.8,12.7,18288.0,13.15,36.0,2.5
Delta_Logistics,Raw Materials,Delivered,No,1005,2022-12-30,2023-01-03,4.0,14.87,12.79,12853.949999999999,2.08,2090.4,13.99,,
Alpha_Inc,MRO,Delivered,No,1528,2022-08-03,,,36.52,33.0,50424.0,3.52,5378.56,9.64,31.0,
Gamma_Co,MRO,Delivered,No,1501,2023-11-18,2023-11-25,7.0,106.05,100.99,151585.99,5.06,7595.06,4.77,77.0,5.129913391072619
Delta_Logistics,Packaging,Delivered,No,558,2022-10-01,2022-10-04,3.0,94.18,81.4,45421.200000000004,12.78,7131.24,13.569999999999999,,
Beta_Supplies,MRO,Delivered,Yes,825,2023-12-20,2023-12-26,6.0,56.88,50.84,41943.0,6.04,4983.0,10.620000000000001,,
Beta_Supplies,Electronics,Cancelled,Yes,84,2023-12-01,2023-12-07,6.0,73.38,71.42,5999.28,1.96,164.64,2.67,9.0,
Delta_Logistics,Raw Materials,Delivered,No,255,2023-10-26,2023-11-10,15.0,38.64,33.59,8565.45,5.05,1287.75,13.07,27.0,10.588235294117647
Gamma_Co,MRO,Delivered,Yes,1154,2022-03-15,2022-03-31,16.0,27.2,26.07,30084.78,1.13,1304.02,4.15,58.0,5.025996533795494
Delta_Logistics,Office Supplies,Delivered,No,1635,2023-09-16,2023-09-24,8.0,56.91,54.37,88894.95,2.54,4152.9,4.46,262.0,16.02446483180428
Delta_Logistics,Raw Materials,Delivered,No,1945,2023-10-13,2023-10-23,10.0,46.19,40.12,78033.4,6.07,11806.15,13.139999999999999,278.0,14.29305912596401
Delta_Logistics,MRO,Partially Delivered,No,1461,2022-06-25,2022-07-10,15.0,64.09,63.39,92612.79,0.7,1022.7,1.09,228.0,
Delta_Logistics,Electronics,Delivered,Yes,1075,2023-07-01,2023-07-09,8.0,18.53,16.12,17329.0,2.41,2590.75,13.01,147.0,13.674418604651162
Alpha_Inc,Packaging,Delivered,Yes,1071,2022-09-08,,,101.6,93.91,100577.61,7.69,8235.99,7.57,25.0,
Epsilon_Group,Packaging,Pending,Yes,1463,2022-06-17,2022-07-06,19.0,101.23,86.17,126066.71,15.06,22032.78,14.879999999999999,43.0,
Beta_Supplies,Raw Materials,Delivered,Yes,615,2023-04-19,2023-04-26,7.0,78.3,73.68,45313.200000000004,4.62,2841.3,5.8999999999999995,69.0,11.219512195121952
Gamma_Co,Electronics,Delivered,Yes,1179,2023-01-24,2023-02-11,18.0,61.74,56.28,66354.12,5.46,6437.34,8.84,,
Alpha_Inc,Electronics,Partially Delivered,Yes,1845,2022-10-04,2022-10-09,5.0,39.56,37.63,69427.35,1.93,3560.85,4.88,45.0,
Beta_Supplies,Electronics,Cancelled,Yes,1895,2023-10-18,,,91.98,86.27,163481.65,5.71,10820.45,6.21,170.0,
Epsilon_Group,MRO,Partially Delivered,No,1550,2023-12-06,2023-12-09,3.0,79.86,69.57,107833.49999999999,10.29,15949.5,12.889999999999999,32.0,
Delta_Logistics,Packaging,Delivered,No,752,2023-07-25,2023-08-04,10.0,26.85,24.37,18326.24,2.48,1864.96,9.24,,
Epsilon_Group,Electronics,Delivered,Yes,451,2022-08-13,2022-09-01,19.0,95.2,90.07,40621.57,5.13,2313.63,5.390000000000001,21.0,4.656319290465632
Beta_Supplies,Office Supplies,Delivered,Yes,779,2023-12-03,,,93.69,90.92,70826.68000000001,2.77,2157.83,2.96,66.0,
Beta_Supplies,MRO,Pending,No,1629,2022-11-29,2022-12-14,15.0,100.26,86.44,140810.76,13.82,22512.78,13.780000000000001,187.0,
Alpha_Inc,Office Supplies,Delivered,Yes,211,2022-02-27,2022-02-22,-5.0,75.69,65.4,13799.400000000001,10.29,2171.19,13.59,2.0,0.9478672985781991
Alpha_Inc,Office Supplies,Delivered,Yes,251,2022-08-23,,,67.49,64.48,16184.480000000001,3.01,755.51,4.46,2.0,
Gamma_Co,Raw Materials,Delivered,Yes,1045,2022-02-02,2022-02-18,16.0,47.88,44.65,46659.25,3.23,3375.35,6.75,69.0,6.6028708133971294
Delta_Logistics,MRO,Delivered,Yes,319,2022-11-20,2022-12-10,20.0,98.64,89.15,28438.850000000002,9.49,3027.31,9.62,57.0,17.86833855799373
Epsilon_Group,Office Supplies,Partially Delivered,Yes,1936,2023-02-15,2023-03-01,14.0,93.66,92.24,178576.63999999998,1.42,2749.12,1.52,58.0,
Delta_Logistics,MRO,Cancelled,No,865,2022-10-02,2022-10-22,20.0,14.7,13.14,11366.1,1.56,1349.4,10.61,135.0,
Epsilon_Group,Electronics,Delivered,Yes,1344,2022-03-09,2022-03-12,3.0,12.5,10.87,14609.279999999999,1.63,2190.72,13.04,44.0,3.273809523809524
Delta_Logistics,Raw Materials,Pending,Yes,505,2022-08-05,2022-08-24,19.0,45.42,40.37,20386.85,5.05,2550.25,11.12,62.0,
Beta_Supplies,Packaging,Delivered,No,1535,2023-08-04,2023-08-05,1.0,90.83,78.28,120159.8,12.55,19264.25,13.819999999999999,151.0,9.8371335504886
Beta_Supplies,Office Supplies,Delivered,Yes,1800,2022-11-19,,,103.8,96.27,173286.0,7.53,13554.0,7.249999999999999,166.0,
Delta_Logistics,Raw Materials,Pending,Yes,1325,2022-08-06,2022-08-15,9.0,24.36,22.75,30143.75,1.61,2133.25,6.61,206.0,
Gamma_Co,Raw Materials,Delivered,No,1066,2023-11-03,2023-11-09,6.0,70.45,65.88,70228.08,4.57,4871.62,6.49,56.0,5.253283302063791
Beta_Supplies,Raw Materials,Delivered,Yes,1775,2023-05-27,2023-06-11,15.0,47.82,45.86,81401.5,1.96,3479.0,4.1000000000000005,180.0,10.140845070422536
Gamma_Co,Raw Materials,Partially Delivered,No,345,2023-02-10,,,103.62,98.09,33841.05,5.53,1907.85,5.34,25.0,
Beta_Supplies,Electronics,Delivered,Yes,1798,2023-10-21,2023-11-09,19.0,94.8,91.83,165110.34,2.97,5340.06,3.1300000000000003,,
Alpha_Inc,MRO,Delivered,Yes,769,2023-04-15,2023-05-01,16.0,91.86,86.55,66556.95,5.31,4083.39,5.779999999999999,17.0,2.2106631989596877
Alpha_Inc,Packaging,Delivered,Yes,1822,2022-05-27,,,53.23,47.49,86526.78,5.74,10458.28,10.780000000000001,39.0,
Delta_Logistics,Packaging,Delivered,Yes,387,2022-09-29,2022-10-13,14.0,49.23,45.41,17573.67,3.82,1478.34,7.76,61.0,15.762273901808785
Epsilon_Group,MRO,Delivered,Yes,928,2022-05-23,2022-05-27,4.0,35.3,32.52,30178.56,2.78,2579.84,7.88,26.0,2.8017241379310347
Alpha_Inc,Packaging,Partially Delivered,Yes,1126,2022-09-10,2022-09-21,11.0,15.68,14.97,16856.22,0.71,799.46,4.53,27.0,
Beta_Supplies,Raw Materials,Cancelled,Yes,841,2023-07-29,2023-08-14,16.0,95.73,85.33,71762.53,10.4,8746.4,10.86,81.0,
Beta_Supplies,Electronics,Delivered,Yes,1995,2023-07-06,2023-07-19,13.0,90.65,77.75,155111.25,12.9,25735.5,14.23,206.0,10.325814536340852
Alpha_Inc,Raw Materials,Delivered,Yes,266,2022-09-27,2022-10-15,18.0,103.97,101.44,26983.04,2.53,672.98,2.4299999999999997,6.0,2.2556390977443606
Alpha_Inc,Raw Materials,Cancelled,Yes,813,2023-08-22,2023-08-25,3.0,109.17,107.39,87308.07,1.78,1447.14,1.63,14.0,
Epsilon_Group,Electronics,Delivered,Yes,237,2023-03-15,2023-03-26,11.0,64.19,59.01,13985.369999999999,5.18,1227.66,8.07,7.0,2.9535864978902953
Alpha_Inc,Office Supplies,Cancelled,Yes,429,2023-08-21,2023-09-03,13.0,86.73,75.09,32213.61,11.64,4993.56,13.420000000000002,9.0,
Delta_Logistics,Packaging,Delivered,No,542,2023-02-13,2023-02-14,1.0,101.21,93.11,50465.62,8.1,4390.2,8.0,78.0,14.391143911439114
Epsilon_Group,Electronics,Delivered,Yes,1114,2023-01-06,2023-01-24,18.0,91.66,85.53,95280.42,6.13,6828.82,6.69,35.0,3.141831238779174
Alpha_Inc,MRO,Delivered,Yes,1230,2022-08-13,2022-08-15,2.0,33.39,30.85,37945.5,2.54,3124.2,7.61,26.0,2.113821138211382
Beta_Supplies,MRO,Delivered,Yes,64,2022-05-22,2022-06-03,12.0,51.56,50.88,3256.32,0.68,43.52,1.32,5.0,7.8125
Alpha_Inc,MRO,Delivered,Yes,1886,2023-06-06,2023-06-22,16.0,23.46,23.18,43717.479999999996,0.28,528.08,1.1900000000000002,,
Delta_Logistics,Office Supplies,Delivered,Yes,114,2023-05-21,2023-05-23,2.0,103.53,101.54,11575.560000000001,1.99,226.86,1.92,14.0,12.280701754385964
Delta_Logistics,Electronics,Cancelled,Yes,1930,2022-04-04,2022-04-22,18.0,65.52,56.9,109817.0,8.62,16636.6,13.16,282.0,
Beta_Supplies,Office Supplies,Pending,Yes,1912,2022-02-18,2022-02-28,10.0,30.73,29.82,57015.840000000004,0.91,1739.92,2.96,191.0,
Epsilon_Group,MRO,Delivered,Yes,570,2022-04-23,2022-05-09,16.0,71.51,66.47,37887.9,5.04,2872.8,7.049999999999999,,
Beta_Supplies,Raw Materials,Delivered,Yes,1417,2022-06-06,2022-06-26,20.0,67.27,60.62,85898.54,6.65,9423.05,9.89,,
Alpha_Inc,Raw Materials,Delivered,No,1202,2023-10-05,2023-10-11,6.0,46.67,44.13,53044.26,2.54,3053.08,5.4399999999999995,21.0,1.747088186356073
Beta_Supplies,Office Supplies,Delivered,No,697,2022-06-13,2022-06-14,1.0,20.73,19.83,13821.509999999998,0.9,627.3,4.34,78.0,11.190817790530847
Epsilon_Group,MRO,Delivered,Yes,1545,2023-11-28,2023-12-01,3.0,78.19,76.91,118825.95,1.28,1977.6,1.6400000000000001,42.0,2.7184466019417477
Gamma_Co,MRO,Partially Delivered,Yes,1136,2023-03-09,2023-03-13,4.0,60.81,58.25,66172.0,2.56,2908.16,4.21,62.0,
Beta_Supplies,MRO,Delivered,No,1212,2023-09-03,2023-09-07,4.0,87.46,74.55,90354.59999999999,12.91,15646.92,14.760000000000002,118.0,9.735973597359736
Epsilon_Group,MRO,Delivered,Yes,1572,2022-03-07,2022-03-12,5.0,57.38,49.32,77531.04,8.06,12670.32,14.05,40.0,2.5445292620865136
Gamma_Co,Electronics,Delivered,Yes,642,2023-01-30,2023-02-09,10.0,91.9,81.49,52316.579999999994,10.41,6683.22,11.33,26.0,4.049844236760125
Epsilon_Group,Office Supplies,Delivered,Yes,441,2023-01-26,2023-02-04,9.0,63.25,54.12,23866.92,9.13,4026.33,14.430000000000001,16.0,3.6281179138321997
Epsilon_Group,Office Supplies,Delivered,Yes,1748,2023-09-03,2023-09-19,16.0,66.53,57.11,99828.28,9.42,16466.16,14.16,,
Gamma_Co,Electronics,Pending,Yes,468,2023-04-25,,,95.57,91.8,42962.4,3.77,1764.36,3.94,24.0,
Beta_Supplies,Raw Materials,Delivered,No,338,2023-06-26,2023-07-14,18.0,50.25,46.28,15642.640000000001,3.97,1341.86,7.9,49.0,14.497041420118343
Gamma_Co,Office Supplies,Delivered,Yes,428,2022-09-15,2022-09-22,7.0,22.94,21.52,9210.56,1.42,607.76,6.1899999999999995,26.0,6.074766355140187
Beta_Supplies,Packaging,Delivered,Yes,1846,2023-07-21,,,13.72,12.62,23296.519999999997,1.1,2030.6,8.02,216.0,
Epsilon_Group,Office Supplies,Delivered,Yes,1563,2022-01-12,2022-01-17,5.0,77.96,70.8,110660.4,7.16,11191.08,9.180000000000001,41.0,2.6231605886116443
Beta_Supplies,Office Supplies,Delivered,Yes,280,2023-11-28,2023-12-07,9.0,73.07,69.29,19401.2,3.78,1058.4,5.17,30.0,10.714285714285714
Delta_Logistics,Raw Materials,Delivered,No,1067,2022-04-28,2022-05-12,14.0,74.47,64.16,68458.72,10.31,11000.77,13.84,,
Gamma_Co,Electronics,Pending,Yes,90,2023-11-30,2023-12-17,17.0,32.38,29.96,2696.4,2.42,217.8,7.470000000000001,7.0,
Gamma_Co,Raw Materials,Delivered,No,1101,2023-07-04,2023-07-05,1.0,24.28,22.73,25025.73,1.55,1706.55,6.38,59.0,5.358764759309718
Alpha_Inc,Raw Materials,Delivered,Yes,184,2022-10-01,2022-10-11,10.0,11.82,10.51,1933.84,1.31,241.04,11.08,4.0,2.1739130434782608
Epsilon_Group,Electronics,Delivered,Yes,250,2023-10-19,2023-11-07,19.0,45.92,41.02,10255.0,4.9,1225.0,10.67,3.0,1.2
Epsilon_Group,Packaging,Cancelled,Yes,1913,2022-12-15,,,66.56,61.34,117343.42000000001,5.22,9985.86,7.84,61.0,
Beta_Supplies,Electronics,Delivered,Yes,829,2022-04-25,2022-04-30,5.0,45.98,40.39,33483.31,5.59,4634.11,12.16,,
Delta_Logistics,Raw Materials,Delivered,Yes,979,2022-10-28,2022-11-13,16.0,51.59,49.69,48646.509999999995,1.9,1860.1,3.6799999999999997,148.0,15.117466802860061
Epsilon_Group,Electronics,Partially Delivered,Yes,1106,2023-03-22,2023-04-09,18.0,97.77,90.45,100037.7,7.32,8095.92,7.489999999999999,31.0,
Delta_Logistics,Office Supplies,Pending,Yes,1121,2022-06-11,2022-06-24,13.0,42.38,38.34,42979.14000000001,4.04,4528.84,9.53,152.0,
Alpha_Inc,Office Supplies,Delivered,Yes,552,2023-04-10,2023-04-21,11.0,60.48,56.78,31342.56,3.7,2042.4,6.12,10.0,1.8115942028985508
Gamma_Co,Packaging,Delivered,Yes,456,2022-01-04,2022-01-12,8.0,80.53,77.86,35504.159999999996,2.67,1217.52,3.32,26.0,5.701754385964912
Delta_Logistics,Packaging,Delivered,Yes,1647,2022-09-27,2022-10-05,8.0,47.52,44.92,73983.24,2.6,4282.2,5.47,,
Epsilon_Group,Electronics,Pending,Yes,1801,2023-05-28,2023-06-11,14.0,71.27,61.24,110293.24,10.03,18064.03,14.069999999999999,43.0,
Gamma_Co,Electronics,Delivered,Yes,854,2022-07-02,2022-07-18,16.0,90.24,85.53,73042.62,4.71,4022.34,5.220000000000001,,
Delta_Logistics,Electronics,Delivered,No,148,2023-06-04,2023-06-17,13.0,103.57,98.62,14595.76,4.95,732.6,4.78,23.0,15.54054054054054
Delta_Logistics,MRO,Delivered,Yes,733,2022-04-19,2022-04-24,5.0,23.59,22.85,16749.05,0.74,542.42,3.1399999999999997,92.0,12.551159618008187
Beta_Supplies,Raw Materials,Delivered,Yes,1945,2023-10-03,2023-10-05,2.0,103.2,88.56,172249.2,14.64,28474.8,14.19,,
Gamma_Co,Raw Materials,Delivered,Yes,775,2022-11-02,2022-11-21,19.0,57.0,49.14,38083.5,7.86,6091.5,13.79,48.0,6.193548387096774
Delta_Logistics,Packaging,Delivered,No,1620,2023-10-17,2023-10-21,4.0,36.73,33.45,54189.00000000001,3.28,5313.6,8.93,235.0,14.506172839506174
Beta_Supplies,Office Supplies,Delivered,Yes,1010,2023-06-04,2023-06-19,15.0,55.68,50.86,51368.6,4.82,4868.2,8.66,,
Epsilon_Group,Office Supplies,Delivered,Yes,1812,2023-09-16,2023-10-01,15.0,108.02,101.02,183048.24,7.0,12684.0,6.4799999999999995,51.0,2.814569536423841
Delta_Logistics,Office Supplies,Delivered,Yes,662,2022-07-23,2022-07-28,5.0,55.97,50.0,33100.0,5.97,3952.14,10.67,100.0,15.105740181268882
Beta_Supplies,Office Supplies,Pending,Yes,1535,2022-06-06,2022-06-11,5.0,40.58,38.71,59419.85,1.87,2870.45,4.61,165.0,
Beta_Supplies,Raw Materials,Delivered,Yes,692,2023-01-18,2023-01-27,9.0,71.03,67.74,46876.079999999994,3.29,2276.68,4.63,70.0,10.115606936416185
Gamma_Co,MRO,Delivered,Yes,1842,2022-06-15,2022-06-28,13.0,32.4,28.08,51723.35999999999,4.32,7957.44,13.33,96.0,5.211726384364821
Beta_Supplies,Office Supplies,Cancelled,Yes,1078,2023-07-07,2023-07-18,11.0,18.34,17.41,18767.98,0.93,1002.54,5.07,102.0,
Delta_Logistics,Packaging,Delivered,Yes,1291,2023-06-28,2023-07-16,18.0,23.44,22.23,28698.93,1.21,1562.11,5.16,,
Alpha_Inc,Electronics,Delivered,Yes,552,2022-01-01,2022-01-12,11.0,21.52,18.79,10372.08,2.73,1506.96,12.690000000000001,13.0,2.355072463768116
Epsilon_Group,Electronics,Delivered,Yes,816,2023-09-06,2023-09-22,16.0,26.04,25.61,20897.76,0.43,350.88,1.6500000000000001,28.0,3.431372549019608
Delta_Logistics,Packaging,Delivered,Yes,447,2022-11-28,2022-11-30,2.0,23.62,21.81,9749.07,1.81,809.07,7.66,50.0,11.185682326621924
Delta_Logistics,Packaging,Partially Delivered,Yes,920,2023-05-16,2023-05-24,8.0,73.09,70.14,64528.8,2.95,2714.0,4.04,,
Epsilon_Group,Packaging,Partially Delivered,Yes,844,2022-01-20,2022-01-30,10.0,26.37,25.08,21167.519999999997,1.29,1088.76,4.89,38.0,
Epsilon_Group,MRO,Delivered,Yes,442,2022-04-25,,,41.73,36.45,16110.900000000001,5.28,2333.76,12.65,15.0,
Beta_Supplies,Electronics,Cancelled,Yes,256,2023-01-07,2023-01-21,14.0,96.15,83.44,21360.64,12.71,3253.76,13.22,26.0,
Delta_Logistics,MRO,Partially Delivered,No,1088,2022-11-11,,,55.29,53.04,57707.52,2.25,2448.0,4.07,161.0,
Beta_Supplies,Office Supplies,Delivered,Yes,1931,2022-09-03,2022-09-07,4.0,72.88,64.69,124916.39,8.19,15814.89,11.24,187.0,9.684101501812533
Gamma_Co,Electronics,Delivered,Yes,1627,2022-03-01,2022-03-11,10.0,25.76,25.09,40821.43,0.67,1090.09,2.6,74.0,4.548248309772587
Beta_Supplies,Packaging,Delivered,No,941,2022-09-04,,,28.4,27.21,25604.61,1.19,1119.79,4.19,,
Gamma_Co,MRO,Delivered,Yes,1534,2023-08-04,2023-08-06,2.0,14.98,12.79,19619.859999999997,2.19,3359.46,14.62,,
Alpha_Inc,Raw Materials,Delivered,Yes,1764,2022-03-22,2022-04-03,12.0,25.46,24.52,43253.28,0.94,1658.16,3.6900000000000004,46.0,2.6077097505668934
Delta_Logistics,Electronics,Delivered,No,1648,2022-03-29,2022-04-06,8.0,35.42,31.46,51846.08,3.96,6526.08,11.18,,
Gamma_Co,Packaging,Delivered,Yes,913,2023-05-13,2023-06-01,19.0,28.01,24.06,21966.78,3.95,3606.35,14.099999999999998,53.0,5.805038335158817
Alpha_Inc,Packaging,Cancelled,Yes,792,2022-03-12,2022-03-18,6.0,18.16,17.25,13662.0,0.91,720.72,5.01,17.0,
Epsilon_Group,Office Supplies,Partially Delivered,Yes,1314,2023-06-30,2023-07-03,3.0,22.63,21.06,27672.839999999997,1.57,2062.98,6.94,44.0,
Beta_Supplies,MRO,Delivered,Yes,613,2022-05-09,2022-05-22,13.0,52.5,45.19,27701.469999999998,7.31,4481.03,13.919999999999998,70.0,11.419249592169658
Alpha_Inc,Office Supplies,Delivered,Yes,1070,2022-05-12,2022-05-20,8.0,29.14,26.63,28494.1,2.51,2685.7,8.61,24.0,2.2429906542056073
Gamma_Co,Raw Materials,Partially Delivered,Yes,145,2023-11-07,2023-11-26,19.0,47.49,42.76,6200.2,4.73,685.85,9.959999999999999,6.0,
Delta_Logistics,Raw Materials,Delivered,Yes,1973,2023-05-02,2023-05-17,15.0,59.73,54.95,108416.35,4.78,9430.94,8.0,291.0,14.749113025848962
Epsilon_Group,Office Supplies,Delivered,Yes,1807,2023-07-17,2023-08-01,15.0,78.63,73.08,132055.56,5.55,10028.85,7.06,100.0,5.534034311012729
Epsilon_Group,Electronics,Delivered,Yes,534,2022-06-19,2022-06-20,1.0,13.88,12.51,6680.34,1.37,731.58,9.87,100.0,18.726591760299627
Alpha_Inc,Electronics,Delivered,Yes,1480,2022-09-29,2022-10-14,15.0,85.22,75.48,111710.40000000001,9.74,14415.2,11.43,100.0,6.756756756756757
Alpha_Inc,Office Supplies,Delivered,Yes,280,2023-06-25,,,72.16,62.38,17466.4,9.78,2738.4,13.55,100.0,
Beta_Supplies,Office Supplies,Cancelled,Yes,798,2023-09-14,2023-09-20,6.0,19.09,17.76,14172.480000000001,1.33,1061.34,6.97,100.0,
Epsilon_Group,Electronics,Delivered,Yes,1728,2023-03-10,2023-03-22,12.0,94.83,90.2,155865.6,4.63,8000.64,4.88,100.0,5.787037037037037
Epsilon_Group,MRO,Delivered,Yes,1244,2022-08-05,,,96.13,84.78,105466.32,11.35,14119.4,11.81,43.0,
Beta_Supplies,Office Supplies,Delivered,No,590,2023-07-07,2023-07-21,14.0,16.89,15.56,9180.4,1.33,784.7,7.870000000000001,46.0,7.796610169491526
Delta_Logistics,Packaging,Delivered,Yes,1109,2023-12-08,2023-12-23,15.0,38.93,33.33,36962.97,5.6,6210.4,14.38,152.0,13.706041478809738
Beta_Supplies,MRO,Delivered,Yes,574,2022-07-25,2022-08-01,7.0,85.03,82.55,47383.7,2.48,1423.52,2.92,54.0,9.40766550522648
Gamma_Co,Office Supplies,Delivered,Yes,1233,2024-01-01,,,86.62,76.59,94435.47,10.03,12366.99,11.58,65.0,
Gamma_Co,Packaging,Delivered,No,1912,2022-11-16,2022-11-20,4.0,27.94,25.59,48928.08,2.35,4493.2,8.41,83.0,4.341004184100418
Alpha_Inc,Packaging,Delivered,No,1772,2023-02-13,2023-03-04,19.0,30.72,27.76,49190.72,2.96,5245.12,9.64,46.0,2.595936794582393
Beta_Supplies,Office Supplies,Delivered,Yes,1316,2023-11-19,2023-11-29,10.0,48.11,41.9,55140.4,6.21,8172.36,12.91,135.0,10.25835866261398
Beta_Supplies,Office Supplies,Delivered,Yes,1159,2023-10-28,,,59.24,58.08,67314.72,1.16,1344.44,1.96,,
Alpha_Inc,Office Supplies,Delivered,Yes,1869,2023-01-18,2023-01-31,13.0,69.58,67.5,126157.5,2.08,3887.52,2.9899999999999998,31.0,1.6586409844836811
Delta_Logistics,Packaging,Delivered,Yes,627,2023-03-25,2023-04-13,19.0,46.23,42.87,26879.489999999998,3.36,2106.72,7.2700000000000005,,
Beta_Supplies,Raw Materials,Pending,No,731,2023-06-14,2023-06-16,2.0,56.02,54.78,40044.18,1.24,906.44,2.21,70.0,
Epsilon_Group,Office Supplies,Cancelled,Yes,606,2023-04-08,,,83.07,79.22,48007.32,3.85,2333.1,4.63,16.0,
Beta_Supplies,Office Supplies,Delivered,Yes,1647,2022-05-04,2022-05-14,10.0,13.57,12.33,20307.51,1.24,2042.28,9.139999999999999,157.0,9.532483302975105
Delta_Logistics,MRO,Delivered,Yes,1062,2022-09-11,2022-09-19,8.0,34.03,30.46,32348.52,3.57,3791.34,10.489999999999998,,
Beta_Supplies,Office Supplies,Delivered,No,695,2022-08-19,2022-08-31,12.0,76.8,69.76,48483.200000000004,7.04,4892.8,9.17,,
Epsilon_Group,MRO,Delivered,Yes,845,2022-03-07,2022-03-14,7.0,91.47,86.97,73489.65,4.5,3802.5,4.92,,
Gamma_Co,MRO,Delivered,Yes,1101,2022-12-13,2022-12-18,5.0,59.13,52.51,57813.509999999995,6.62,7288.62,11.200000000000001,54.0,4.904632152588556
Gamma_Co,Raw Materials,Delivered,Yes,1693,2022-01-22,2022-01-24,2.0,57.89,49.84,84379.12000000001,8.05,13628.65,13.91,88.0,5.197873597164796
Delta_Logistics,Office Supplies,Cancelled,No,1629,2023-08-26,2023-09-10,15.0,21.51,19.41,31618.89,2.1,3420.9,9.76,250.0,
Delta_Logistics,Raw Materials,Delivered,Yes,1413,2023-07-22,2023-08-03,12.0,54.79,50.42,71243.46,4.37,6174.81,7.9799999999999995,,
Epsilon_Group,Packaging,Delivered,Yes,1871,2022-08-24,2022-08-27,3.0,59.96,58.54,109528.34,1.42,2656.82,2.37,47.0,2.512025654730091
Gamma_Co,Raw Materials,Delivered,Yes,1404,2023-08-26,,,34.85,30.5,42822.0,4.35,6107.4,12.479999999999999,78.0,
Gamma_Co,Electronics,Delivered,Yes,1713,2022-08-14,2022-08-28,14.0,35.43,34.11,58430.43,1.32,2261.16,3.73,74.0,4.3199065966141275
Gamma_Co,Electronics,Delivered,Yes,1579,2022-01-08,2022-01-13,5.0,43.96,43.41,68544.39,0.55,868.45,1.25,74.0,4.686510449651679
Gamma_Co,Electronics,Delivered,Yes,1421,2022-03-14,2022-03-26,12.0,11.92,11.72,16654.120000000003,0.2,284.2,1.68,76.0,5.348346235045742
Epsilon_Group,MRO,Delivered,Yes,1546,2023-12-26,2024-01-04,9.0,43.47,37.37,57774.02,6.1,9430.6,14.030000000000001,53.0,3.428201811125485
Delta_Logistics,Electronics,Delivered,Yes,1304,2023-10-09,2023-10-18,9.0,32.08,29.36,38285.44,2.72,3546.88,8.48,,
Delta_Logistics,Raw Materials,Delivered,Yes,239,2022-03-02,,,39.87,35.47,8477.33,4.4,1051.6,11.04,32.0,
Alpha_Inc,Office Supplies,Delivered,Yes,1298,2022-08-23,,,21.51,20.83,27037.339999999997,0.68,882.64,3.16,,
Delta_Logistics,MRO,Delivered,Yes,1458,2022-03-11,,,91.05,81.56,118914.48000000001,9.49,13836.42,10.42,220.0,
Gamma_Co,MRO,Delivered,Yes,1450,2022-02-02,2022-02-13,11.0,63.74,59.11,85709.5,4.63,6713.5,7.26,71.0,4.8965517241379315
Beta_Supplies,Electronics,Delivered,Yes,1356,2022-12-05,2022-12-20,15.0,75.03,63.86,86594.16,11.17,15146.52,14.89,131.0,9.660766961651918
Gamma_Co,Packaging,Delivered,Yes,682,2022-03-14,,,81.84,71.86,49008.52,9.98,6806.36,12.19,40.0,
Gamma_Co,Packaging,Delivered,Yes,677,2023-06-11,2023-06-19,8.0,59.52,55.29,37431.33,4.23,2863.71,7.109999999999999,39.0,5.760709010339734
Delta_Logistics,Office Supplies,Delivered,Yes,1022,2022-09-01,2022-09-14,13.0,18.54,16.55,16914.100000000002,1.99,2033.78,10.73,150.0,14.677103718199607
Alpha_Inc,Raw Materials,Delivered,Yes,1818,2022-10-13,,,60.96,57.13,103862.34000000001,3.83,6962.94,6.279999999999999,41.0,
Epsilon_Group,Electronics,Delivered,Yes,1332,2023-11-17,2023-11-29,12.0,69.73,63.8,84981.59999999999,5.93,7898.76,8.5,41.0,3.078078078078078
Beta_Supplies,Raw Materials,Delivered,Yes,1432,2023-05-13,2023-05-26,13.0,83.26,77.67,111223.44,5.59,8004.88,6.710000000000001,174.0,12.150837988826815
Beta_Supplies,Packaging,Pending,No,759,2022-08-08,2022-08-26,18.0,50.56,46.47,35270.729999999996,4.09,3104.31,8.09,63.0,
Alpha_Inc,Packaging,Delivered,Yes,1529,2023-07-07,2023-07-19,12.0,23.42,22.44,34310.76,0.98,1498.42,4.18,30.0,1.962066710268149
Gamma_Co,Electronics,Delivered,Yes,1484,2022-05-16,2022-05-25,9.0,36.25,31.8,47191.200000000004,4.45,6603.8,12.280000000000001,61.0,4.110512129380054
Epsilon_Group,Packaging,Delivered,Yes,698,2023-08-08,2023-08-20,12.0,46.73,45.61,31835.78,1.12,781.76,2.4,15.0,2.148997134670487
Epsilon_Group,Packaging,Pending,Yes,367,2023-08-14,2023-08-22,8.0,74.61,71.36,26189.12,3.25,1192.75,4.36,13.0,
Epsilon_Group,Office Supplies,Partially Delivered,Yes,1750,2023-04-30,2023-05-20,20.0,65.97,58.34,102095.0,7.63,13352.5,11.57,50.0,
Delta_Logistics,Office Supplies,Partially Delivered,No,1298,2022-09-06,2022-09-24,18.0,43.73,37.21,48298.58,6.52,8462.96,14.91,,
Gamma_Co,Packaging,Delivered,Yes,1892,2023-04-30,2023-05-20,20.0,106.2,96.37,182332.04,9.83,18598.36,9.26,93.0,4.915433403805497
Beta_Supplies,Electronics,Delivered,Yes,1307,2023-02-21,2023-02-24,3.0,68.71,60.64,79256.48,8.07,10547.49,11.75,141.0,10.788064269319051
Beta_Supplies,Electronics,Delivered,Yes,733,2022-07-14,2022-07-29,15.0,32.29,29.01,21264.33,3.28,2404.24,10.16,78.0,10.641200545702592
Gamma_Co,Packaging,Delivered,Yes,713,2022-04-07,,,19.45,18.82,13418.66,0.63,449.19,3.2399999999999998,31.0,
Beta_Supplies,Packaging,Delivered,Yes,1900,2022-04-10,2022-04-24,14.0,24.11,23.45,44555.0,0.66,1254.0,2.74,188.0,9.894736842105264
Delta_Logistics,MRO,Cancelled,No,1447,2023-11-06,2023-11-08,2.0,35.67,35.07,50746.29,0.6,868.2,1.68,224.0,
Epsilon_Group,Office Supplies,Delivered,Yes,1745,2023-03-18,,,26.17,22.25,38826.25,3.92,6840.4,14.979999999999999,55.0,
Beta_Supplies,Office Supplies,Delivered,Yes,1681,2022-12-29,2023-01-14,16.0,28.26,26.62,44748.22,1.64,2756.84,5.800000000000001,143.0,8.506841165972636
Delta_Logistics,Electronics,Delivered,Yes,1545,2023-03-10,2023-03-18,8.0,38.15,36.96,57103.200000000004,1.19,1838.55,3.1199999999999997,214.0,13.851132686084142
Epsilon_Group,Raw Materials,Delivered,Yes,1306,2023-02-25,2023-03-02,5.0,27.27,25.96,33903.76,1.31,1710.86,4.8,39.0,2.986217457886677
Gamma_Co,Raw Materials,Delivered,Yes,1765,2023-04-24,2023-05-06,12.0,97.51,84.3,148789.5,13.21,23315.65,13.55,65.0,3.6827195467422094
Gamma_Co,Packaging,Cancelled,Yes,1186,2022-02-25,2022-03-15,18.0,17.31,16.0,18976.0,1.31,1553.66,7.57,64.0,
Delta_Logistics,Packaging,Delivered,Yes,1903,2023-11-21,2023-11-26,5.0,63.5,56.09,106739.27,7.41,14101.23,11.67,254.0,13.347346295323174
Delta_Logistics,MRO,Delivered,No,1570,2023-11-01,2023-11-05,4.0,52.1,47.87,75155.9,4.23,6641.1,8.12,,
Delta_Logistics,MRO,Delivered,No,491,2023-10-24,2023-11-13,20.0,108.75,93.35,45834.85,15.4,7561.4,14.16,,
Beta_Supplies,Electronics,Partially Delivered,Yes,613,2022-04-11,2022-04-20,9.0,20.38,20.17,12364.210000000001,0.21,128.73,1.03,58.0,
Gamma_Co,Raw Materials,Partially Delivered,Yes,1341,2022-03-04,2022-03-16,12.0,46.27,43.94,58923.53999999999,2.33,3124.53,5.04,63.0,
Beta_Supplies,MRO,Partially Delivered,Yes,1583,2023-02-17,2023-03-04,15.0,103.57,89.38,141488.53999999998,14.19,22462.77,13.700000000000001,164.0,
Beta_Supplies,Raw Materials,Cancelled,Yes,1880,2022-12-14,,,92.73,90.78,170666.4,1.95,3666.0,2.1,173.0,
Epsilon_Group,MRO,Delivered,Yes,1459,2022-04-22,2022-04-26,4.0,84.79,82.72,120688.48,2.07,3020.13,2.44,47.0,3.221384509938314
Delta_Logistics,Office Supplies,Delivered,No,1460,2022-09-12,,,34.54,31.87,46530.200000000004,2.67,3898.2,7.7299999999999995,208.0,
Beta_Supplies,Packaging,Partially Delivered,Yes,1186,2022-07-16,2022-07-28,12.0,26.14,24.78,29389.08,1.36,1612.96,5.2,112.0,
Epsilon_Group,MRO,Pending,Yes,1686,2022-07-14,2022-07-23,9.0,72.28,65.21,109944.05999999998,7.07,11920.02,9.78,53.0,
Alpha_Inc,MRO,Delivered,Yes,1698,2023-07-04,2023-07-08,4.0,102.07,100.69,170971.62,1.38,2343.24,1.35,28.0,1.6489988221436984
Epsilon_Group,Electronics,Delivered,Yes,1001,2023-04-05,,,64.62,55.7,55755.700000000004,8.92,8928.92,13.8,32.0,
Alpha_Inc,Office Supplies,Delivered,Yes,1154,2022-05-24,2022-05-27,3.0,62.67,54.11,62442.94,8.56,9878.24,13.66,25.0,2.166377816291161
Alpha_Inc,Packaging,Cancelled,No,748,2023-03-09,2023-03-29,20.0,37.66,32.71,24467.08,4.95,3702.6,13.139999999999999,,
Alpha_Inc,Office Supplies,Delivered,Yes,162,2022-07-07,,,81.63,78.76,12759.12,2.87,464.94,3.52,2.0,
Alpha_Inc,Packaging,Delivered,Yes,51,2022-10-13,2022-10-24,11.0,28.04,24.13,1230.6299999999999,3.91,199.41,13.94,0.0,0.0
Delta_Logistics,Office Supplies,Delivered,Yes,691,2023-04-19,2023-04-24,5.0,42.07,39.1,27018.100000000002,2.97,2052.27,7.06,106.0,15.340086830680175
Beta_Supplies,Office Supplies,Delivered,No,269,2022-09-13,2022-09-20,7.0,50.22,45.75,12306.75,4.47,1202.43,8.9,32.0,11.895910780669144
Beta_Supplies,Electronics,Pending,Yes,1639,2022-03-19,2022-04-06,18.0,56.24,55.4,90800.59999999999,0.84,1376.76,1.49,147.0,
Alpha_Inc,Raw Materials,Delivered,Yes,904,2023-03-30,2023-04-06,7.0,34.04,30.06,27174.239999999998,3.98,3597.92,11.690000000000001,26.0,2.8761061946902653
Beta_Supplies,Office Supplies,Delivered,Yes,1809,2023-07-18,2023-07-26,8.0,22.17,19.65,35546.85,2.52,4558.68,11.37,,
Alpha_Inc,Packaging,Delivered,Yes,1298,2022-04-11,2022-04-16,5.0,65.93,58.95,76517.1,6.98,9060.04,10.59,,
Beta_Supplies,Packaging,Delivered,Yes,434,2022-02-21,2022-03-13,20.0,36.16,34.79,15098.859999999999,1.37,594.58,3.7900000000000005,41.0,9.44700460829493
Epsilon_Group,Electronics,Delivered,Yes,1476,2023-10-30,2023-11-04,5.0,68.85,65.28,96353.28,3.57,5269.32,5.19,43.0,2.913279132791328
Delta_Logistics,Raw Materials,Partially Delivered,Yes,1711,2023-07-08,,,26.04,24.81,42449.909999999996,1.23,2104.53,4.72,290.0,
Gamma_Co,Packaging,Delivered,Yes,1203,2022-01-16,2022-01-22,6.0,53.3,47.68,57359.04,5.62,6760.86,10.54,49.0,4.073150457190358
Alpha_Inc,Electronics,Delivered,Yes,1126,2022-04-06,2022-04-07,1.0,58.8,52.22,58799.72,6.58,7409.08,11.19,,
Epsilon_Group,Packaging,Delivered,Yes,1757,2022-08-31,2022-09-12,12.0,15.18,13.06,22946.420000000002,2.12,3724.84,13.969999999999999,63.0,3.5856573705179287
Epsilon_Group,MRO,Delivered,Yes,779,2022-06-20,2022-06-28,8.0,41.3,36.28,28262.120000000003,5.02,3910.58,12.15,20.0,2.5673940949935816
Delta_Logistics,Office Supplies,Delivered,No,1745,2023-02-21,2023-02-22,1.0,23.53,22.57,39384.65,0.96,1675.2,4.08,282.0,16.16045845272206
Delta_Logistics,Raw Materials,Delivered,Yes,1783,2023-05-13,2023-05-15,2.0,16.96,15.8,28171.4,1.16,2068.28,6.84,295.0,16.545148625911384
Alpha_Inc,Office Supplies,Partially Delivered,Yes,1489,2023-05-08,2023-05-22,14.0,107.02,93.3,138923.69999999998,13.72,20429.08,12.82,,
Alpha_Inc,Office Supplies,Delivered,Yes,296,2022-08-07,2022-08-10,3.0,40.38,35.25,10434.0,5.13,1518.48,12.7,,
Epsilon_Group,MRO,Delivered,Yes,885,2023-02-15,2023-02-27,12.0,88.28,80.8,71508.0,7.48,6619.8,8.469999999999999,31.0,3.5028248587570623
Epsilon_Group,Raw Materials,Pending,Yes,1512,2022-03-02,2022-03-06,4.0,33.25,30.15,45586.799999999996,3.1,4687.2,9.32,53.0,
Delta_Logistics,Office Supplies,Delivered,No,252,2022-06-18,2022-06-26,8.0,73.12,67.64,17045.28,5.48,1380.96,7.489999999999999,,
Alpha_Inc,Electronics,Cancelled,Yes,1257,2023-01-24,,,83.13,81.89,102935.73,1.24,1558.68,1.49,30.0,
Alpha_Inc,Packaging,Delivered,Yes,172,2022-01-03,2022-01-20,17.0,63.61,55.92,9618.24,7.69,1322.68,12.09,4.0,2.3255813953488373
Epsilon_Group,Packaging,Pending,Yes,450,2023-02-04,2023-02-05,1.0,55.85,49.88,22446.0,5.97,2686.5,10.69,9.0,
Gamma_Co,Electronics,Delivered,Yes,816,2022-09-29,2022-10-15,16.0,48.95,43.42,35430.72,5.53,4512.48,11.3,45.0,5.514705882352941
Epsilon_Group,Packaging,Delivered,Yes,343,2023-04-11,2023-04-25,14.0,44.5,38.57,13229.51,5.93,2033.99,13.33,7.0,2.0408163265306123
Gamma_Co,MRO,Delivered,No,329,2022-10-20,2022-11-05,16.0,97.87,85.35,28080.149999999998,12.52,4119.08,12.790000000000001,21.0,6.382978723404255
Alpha_Inc,Electronics,Delivered,Yes,1910,2023-03-10,2023-03-25,15.0,90.69,85.8,163878.0,4.89,9339.9,5.390000000000001,,
Epsilon_Group,MRO,Delivered,Yes,933,2023-12-15,2023-12-18,3.0,107.99,104.29,97302.57,3.7,3452.1,3.4299999999999997,29.0,3.1082529474812435
Delta_Logistics,Raw Materials,Delivered,Yes,1683,2023-07-24,2023-07-29,5.0,23.09,21.88,36824.04,1.21,2036.43,5.24,253.0,15.032679738562091
Beta_Supplies,Packaging,Pending,Yes,247,2023-11-09,2023-11-18,9.0,84.11,71.97,17776.59,12.14,2998.58,14.430000000000001,,
Alpha_Inc,MRO,Delivered,Yes,1031,2023-05-14,2023-06-02,19.0,102.01,98.65,101708.15000000001,3.36,3464.16,3.29,,
Alpha_Inc,Packaging,Delivered,Yes,1980,2022-06-08,2022-06-19,11.0,26.97,24.16,47836.8,2.81,5563.8,10.42,41.0,2.070707070707071
Epsilon_Group,Raw Materials,Delivered,Yes,1584,2022-07-14,2022-08-03,20.0,16.46,14.2,22492.8,2.26,3579.84,13.73,57.0,3.5984848484848486
Beta_Supplies,Office Supplies,Delivered,Yes,801,2022-10-31,2022-11-15,15.0,80.15,70.91,56798.909999999996,9.24,7401.24,11.53,,
Beta_Supplies,Packaging,Delivered,Yes,193,2022-08-11,2022-08-25,14.0,63.86,57.46,11089.78,6.4,1235.2,10.02,,
Beta_Supplies,Raw Materials,Delivered,Yes,658,2022-03-01,2022-03-05,4.0,86.62,79.85,52541.299999999996,6.77,4454.66,7.82,72.0,10.94224924012158
Epsilon_Group,Electronics,Delivered,Yes,1274,2023-08-17,2023-09-04,18.0,24.72,23.36,29760.64,1.36,1732.64,5.5,37.0,2.904238618524333
Epsilon_Group,Packaging,Partially Delivered,Yes,1197,2023-07-10,2023-07-17,7.0,88.92,78.82,94347.54,10.1,12089.7,11.360000000000001,31.0,
Gamma_Co,Electronics,Delivered,Yes,236,2022-03-04,2022-03-12,8.0,28.43,28.11,6633.96,0.32,75.52,1.13,11.0,4.661016949152542
Gamma_Co,Raw Materials,Partially Delivered,Yes,1399,2022-11-18,2022-12-03,15.0,25.97,22.19,31043.81,3.78,5288.22,14.56,62.0,
Gamma_Co,Electronics,Delivered,Yes,513,2022-02-28,2022-03-04,4.0,24.91,22.58,11583.539999999999,2.33,1195.29,9.35,29.0,5.653021442495127
Delta_Logistics,MRO,Delivered,Yes,1422,2022-02-21,2022-03-04,11.0,83.73,76.47,108740.34,7.26,10323.72,8.67,198.0,13.924050632911392
Alpha_Inc,Office Supplies,Delivered,Yes,1844,2023-08-22,2023-09-03,12.0,76.51,73.05,134704.19999999998,3.46,6380.24,4.52,,
Gamma_Co,Electronics,Delivered,Yes,709,2023-05-04,,,61.64,54.55,38675.95,7.09,5026.81,11.5,41.0,
Delta_Logistics,MRO,Delivered,No,813,2023-05-30,2023-06-15,16.0,45.68,41.78,33967.14,3.9,3170.7,8.540000000000001,,
Delta_Logistics,Office Supplies,Delivered,No,1004,2023-06-28,2023-07-01,3.0,96.51,92.9,93271.6,3.61,3624.44,3.74,146.0,14.54183266932271
Epsilon_Group,Raw Materials,Delivered,Yes,452,2022-06-11,2022-06-15,4.0,46.45,40.39,18256.28,6.06,2739.12,13.05,9.0,1.991150442477876
Beta_Supplies,Raw Materials,Pending,Yes,1419,2022-02-28,2022-03-12,12.0,83.91,71.46,101401.73999999999,12.45,17666.55,14.84,137.0,
Beta_Supplies,Packaging,Delivered,No,1584,2023-06-05,2023-06-23,18.0,53.73,51.92,82241.28,1.81,2867.04,3.37,167.0,10.542929292929292
Gamma_Co,MRO,Pending,Yes,196,2022-03-24,2022-04-11,18.0,44.36,43.81,8586.76,0.55,107.8,1.24,6.0,
Alpha_Inc,Office Supplies,Delivered,Yes,1221,2022-07-10,2022-07-14,4.0,53.19,46.18,56385.78,7.01,8559.21,13.18,29.0,2.375102375102375
Alpha_Inc,Packaging,Delivered,Yes,913,2022-03-12,2022-03-26,14.0,37.5,36.2,33050.600000000006,1.3,1186.9,3.47,,
Alpha_Inc,Packaging,Delivered,Yes,1784,2023-09-02,2023-09-04,2.0,85.01,76.69,136814.96,8.32,14842.88,9.790000000000001,37.0,2.0739910313901344
Delta_Logistics,Raw Materials,Delivered,Yes,1893,2022-03-11,,,55.8,52.35,99098.55,3.45,6530.85,6.18,,
Delta_Logistics,Electronics,Pending,No,538,2023-11-23,2023-12-05,12.0,34.3,32.25,17350.5,2.05,1102.9,5.9799999999999995,84.0,
Delta_Logistics,Office Supplies,Pending,No,978,2022-08-29,2022-09-15,17.0,94.15,87.7,85770.6,6.45,6308.1,6.8500000000000005,149.0,
Epsilon_Group,Raw Materials,Cancelled,Yes,1713,2023-02-18,2023-03-06,16.0,47.45,42.05,72031.65,5.4,9250.2,11.379999999999999,53.0,
Delta_Logistics,Raw Materials,Pending,No,600,2022-05-03,2022-05-07,4.0,60.1,57.92,34752.0,2.18,1308.0,3.63,95.0,
Alpha_Inc,Electronics,Pending,Yes,387,2023-08-07,2023-08-25,18.0,100.28,85.54,33103.98,14.74,5704.38,14.7,5.0,
Alpha_Inc,MRO,Pending,Yes,921,2022-09-10,2022-09-19,9.0,68.83,59.13,54458.73,9.7,8933.7,14.09,22.0,
Beta_Supplies,MRO,Delivered,Yes,690,2023-08-16,2023-08-30,14.0,22.47,21.94,15138.6,0.53,365.7,2.36,77.0,11.159420289855072
Alpha_Inc,Office Supplies,Cancelled,Yes,1852,2023-09-01,2023-09-21,20.0,104.04,94.89,175736.28,9.15,16945.8,8.790000000000001,36.0,
Delta_Logistics,Electronics,Delivered,Yes,522,2022-02-10,2022-02-28,18.0,66.83,58.01,30281.219999999998,8.82,4604.04,13.200000000000001,74.0,14.17624521072797
Delta_Logistics,Electronics,Delivered,Yes,200,2023-09-27,2023-10-06,9.0,44.16,43.13,8626.0,1.03,206.0,2.33,21.0,10.5
Gamma_Co,Packaging,Delivered,Yes,1488,2022-03-25,2022-04-03,9.0,22.76,21.99,32721.12,0.77,1145.76,3.38,,
Epsilon_Group,Electronics,Delivered,Yes,1371,2023-03-06,2023-03-16,10.0,87.16,78.13,107116.23,9.03,12380.13,10.36,43.0,3.1363967906637495
Alpha_Inc,Office Supplies,Delivered,Yes,1684,2023-11-05,,,73.05,62.53,105300.52,10.52,17715.68,14.399999999999999,,
Epsilon_Group,Electronics,Delivered,Yes,312,2023-08-21,2023-08-27,6.0,63.52,58.09,18124.08,5.43,1694.16,8.55,,
Alpha_Inc,Packaging,Cancelled,Yes,1837,2023-08-02,2023-08-21,19.0,99.04,86.51,158918.87,12.53,23017.61,12.65,39.0,
Beta_Supplies,MRO,Delivered,Yes,193,2023-06-20,2023-06-23,3.0,87.86,81.74,15775.82,6.12,1181.16,6.97,21.0,10.880829015544041
Beta_Supplies,Electronics,Delivered,Yes,395,2022-11-20,2022-11-21,1.0,24.83,23.96,9464.2,0.87,343.65,3.5000000000000004,31.0,7.848101265822785
Epsilon_Group,Electronics,Cancelled,Yes,673,2022-09-25,2022-10-12,17.0,39.58,35.83,24113.59,3.75,2523.75,9.47,25.0,
Delta_Logistics,Office Supplies,Cancelled,No,1066,2022-07-29,2022-08-12,14.0,33.33,28.47,30349.02,4.86,5180.76,14.580000000000002,162.0,
Gamma_Co,Packaging,Delivered,No,1645,2023-11-17,2023-11-23,6.0,85.42,80.78,132883.1,4.64,7632.8,5.43,73.0,4.437689969604863
Alpha_Inc,Electronics,Delivered,Yes,930,2022-11-18,2022-11-29,11.0,13.67,11.95,11113.5,1.72,1599.6,12.58,16.0,1.7204301075268817
Alpha_Inc,Office Supplies,Delivered,Yes,51,2022-09-02,2022-09-21,19.0,63.74,56.1,2861.1,7.64,389.64,11.99,0.0,0.0
Gamma_Co,Packaging,Delivered,Yes,946,2022-09-29,2022-10-01,2.0,81.77,71.65,67780.90000000001,10.12,9573.52,12.379999999999999,55.0,5.813953488372093
Epsilon_Group,Raw Materials,Partially Delivered,Yes,1377,2023-02-10,2023-03-02,20.0,94.69,84.2,115943.40000000001,10.49,14444.73,11.08,,
Epsilon_Group,Packaging,Cancelled,Yes,303,2022-05-15,2022-05-18,3.0,41.6,40.51,12274.529999999999,1.09,330.27,2.62,11.0,
Alpha_Inc,Raw Materials,Delivered,Yes,1725,2023-11-19,2023-12-03,14.0,93.14,79.62,137344.5,13.52,23322.0,14.52,24.0,1.391304347826087
Beta_Supplies,Raw Materials,Cancelled,No,502,2023-10-23,2023-11-07,15.0,22.05,20.65,10366.3,1.4,702.8,6.35,50.0,
Gamma_Co,Packaging,Delivered,Yes,1110,2022-11-04,2022-11-11,7.0,90.49,80.03,88833.3,10.46,11610.6,11.559999999999999,61.0,5.495495495495495
Alpha_Inc,Packaging,Delivered,Yes,1233,2023-04-14,2023-04-18,4.0,23.08,20.57,25362.81,2.51,3094.83,10.879999999999999,,
Beta_Supplies,Office Supplies,Delivered,Yes,1064,2022-11-20,2022-11-24,4.0,48.04,43.6,46390.4,4.44,4724.16,9.24,94.0,8.834586466165414
Epsilon_Group,Packaging,Partially Delivered,Yes,58,2022-03-16,2022-04-04,19.0,82.57,76.55,4439.9,6.02,349.16,7.290000000000001,,
Beta_Supplies,MRO,Delivered,No,1306,2022-01-10,2022-01-20,10.0,23.49,20.17,26342.02,3.32,4335.92,14.13,116.0,8.88208269525268
Delta_Logistics,Electronics,Delivered,No,1172,2023-04-15,2023-04-28,13.0,32.93,29.28,34316.16,3.65,4277.8,11.08,,
Alpha_Inc,Packaging,Delivered,Yes,1732,2023-09-29,,,82.5,71.71,124201.71999999999,10.79,18688.28,13.08,24.0,
Gamma_Co,Raw Materials,Delivered,Yes,865,2023-07-31,2023-08-07,7.0,81.54,71.59,61925.350000000006,9.95,8606.75,12.2,39.0,4.508670520231214
Beta_Supplies,Raw Materials,Delivered,Yes,257,2022-04-13,2022-04-20,7.0,68.72,66.92,17198.44,1.8,462.6,2.62,22.0,8.560311284046692
Epsilon_Group,Packaging,Delivered,Yes,1204,2022-03-17,2022-03-26,9.0,73.18,67.59,81378.36,5.59,6730.36,7.64,31.0,2.574750830564784
Beta_Supplies,Electronics,Partially Delivered,Yes,453,2023-07-05,2023-07-09,4.0,64.14,60.18,27261.54,3.96,1793.88,6.17,51.0,
Epsilon_Group,Electronics,Delivered,Yes,201,2022-08-07,2022-08-21,14.0,33.81,32.54,6540.54,1.27,255.27,3.7600000000000002,3.0,1.4925373134328357
Delta_Logistics,Office Supplies,Delivered,Yes,103,2023-06-03,2023-06-16,13.0,44.61,42.88,4416.64,1.73,178.19,3.88,10.0,9.70873786407767
Epsilon_Group,Office Supplies,Delivered,Yes,1193,2022-09-29,2022-10-07,8.0,27.4,27.09,32318.37,0.31,369.83,1.13,,
Gamma_Co,Office Supplies,Partially Delivered,Yes,1746,2022-05-16,2022-05-28,12.0,93.6,89.81,156808.26,3.79,6617.34,4.05,85.0,
Delta_Logistics,Electronics,Delivered,Yes,1993,2022-12-24,2022-12-26,2.0,65.94,59.36,118304.48,6.58,13113.94,9.98,,
Beta_Supplies,Raw Materials,Delivered,No,677,2022-03-12,2022-03-27,15.0,46.54,43.11,29185.47,3.43,2322.11,7.37,,
Alpha_Inc,Office Supplies,Pending,Yes,636,2022-09-08,,,53.64,49.23,31310.28,4.41,2804.76,8.219999999999999,18.0,
Epsilon_Group,Packaging,Delivered,Yes,1698,2023-01-14,2023-02-02,19.0,100.97,98.73,167643.54,2.24,3803.52,2.22,52.0,3.0624263839811543
Gamma_Co,Office Supplies,Delivered,Yes,1493,2022-10-19,2022-11-01,13.0,24.87,22.89,34174.770000000004,1.98,2956.14,7.960000000000001,56.0,3.750837240455459
Alpha_Inc,Packaging,Delivered,Yes,1495,2022-06-11,2022-06-25,14.0,64.33,58.18,86979.1,6.15,9194.25,9.56,26.0,1.7391304347826086
Alpha_Inc,Packaging,Cancelled,Yes,153,2023-03-25,2023-04-07,13.0,59.42,52.0,7956.0,7.42,1135.26,12.49,3.0,
Delta_Logistics,Raw Materials,Cancelled,Yes,1925,2023-07-11,2023-07-22,11.0,70.88,63.41,122064.25,7.47,14379.75,10.54,292.0,
Beta_Supplies,Packaging,Delivered,No,303,2023-12-22,2024-01-11,20.0,12.97,11.42,3460.2599999999998,1.55,469.65,11.95,,
Alpha_Inc,Office Supplies,Delivered,Yes,1300,2022-11-06,2022-11-18,12.0,92.92,90.63,117819.0,2.29,2977.0,2.46,,
Gamma_Co,Raw Materials,Delivered,Yes,1185,2023-09-19,2023-09-23,4.0,103.28,99.05,117374.25,4.23,5012.55,4.1000000000000005,,
Epsilon_Group,Raw Materials,Delivered,Yes,559,2023-11-01,2023-11-20,19.0,67.56,57.98,32410.82,9.58,5355.22,14.180000000000001,15.0,2.6833631484794274
Epsilon_Group,Electronics,Pending,Yes,1546,2023-06-26,2023-06-29,3.0,78.88,78.0,120588.0,0.88,1360.48,1.1199999999999999,38.0,
Epsilon_Group,Packaging,Delivered,Yes,148,2022-01-09,2022-01-19,10.0,93.02,85.96,12722.08,7.06,1044.88,7.59,4.0,2.7027027027027026
Delta_Logistics,Office Supplies,Delivered,No,202,2023-11-15,2023-11-23,8.0,81.75,78.26,15808.52,3.49,704.98,4.2700000000000005,37.0,18.316831683168317
Gamma_Co,Packaging,Delivered,Yes,1934,2023-07-22,2023-07-28,6.0,25.86,25.6,49510.4,0.26,502.84,1.01,78.0,4.033092037228542
Alpha_Inc,Office Supplies,Delivered,Yes,963,2022-11-03,2022-11-07,4.0,64.96,64.07,61699.409999999996,0.89,857.07,1.37,20.0,2.0768431983385254
Gamma_Co,MRO,Delivered,Yes,1969,2023-11-11,2023-11-18,7.0,71.71,61.96,121999.24,9.75,19197.75,13.600000000000001,,
Delta_Logistics,Electronics,Delivered,Yes,927,2022-04-17,,,48.89,46.05,42688.35,2.84,2632.68,5.81,138.0,
Delta_Logistics,Raw Materials,Cancelled,Yes,387,2022-05-18,2022-05-23,5.0,77.81,69.04,26718.480000000003,8.77,3393.99,11.27,67.0,
Beta_Supplies,Electronics,Delivered,Yes,1779,2022-09-28,2022-10-03,5.0,97.86,94.36,167866.44,3.5,6226.5,3.58,176.0,9.89319842608207
Gamma_Co,MRO,Pending,Yes,871,2022-04-29,2022-05-05,6.0,94.7,92.66,80706.86,2.04,1776.84,2.15,46.0,
Epsilon_Group,Electronics,Delivered,Yes,1236,2022-04-20,2022-04-23,3.0,51.33,44.03,54421.08,7.3,9022.8,14.219999999999999,25.0,2.0226537216828477
Delta_Logistics,Electronics,Delivered,Yes,1793,2023-07-21,2023-08-06,16.0,22.01,21.78,39051.54,0.23,412.39,1.04,285.0,15.895147796988288
Delta_Logistics,MRO,Delivered,Yes,1006,2022-06-09,2022-06-28,19.0,101.1,89.04,89574.24,12.06,12132.36,11.93,139.0,13.817097415506957
Beta_Supplies,Electronics,Cancelled,No,1754,2022-10-06,2022-10-21,15.0,89.35,86.54,151791.16,2.81,4928.74,3.1399999999999997,161.0,
Epsilon_Group,Electronics,Delivered,Yes,210,2022-10-16,2022-11-04,19.0,22.17,21.32,4477.2,0.85,178.5,3.83,10.0,4.761904761904762
Delta_Logistics,MRO,Delivered,Yes,1653,2023-09-12,2023-10-02,20.0,102.16,91.91,151927.22999999998,10.25,16943.25,10.03,217.0,13.127646702964308
Alpha_Inc,MRO,Partially Delivered,Yes,850,2022-08-04,2022-08-15,11.0,91.38,88.41,75148.5,2.97,2524.5,3.25,24.0,
Epsilon_Group,Raw Materials,Delivered,Yes,447,2022-12-18,2022-12-21,3.0,59.81,57.92,25890.24,1.89,844.83,3.16,13.0,2.9082774049217
Gamma_Co,Office Supplies,Delivered,Yes,1350,2022-07-28,2022-08-07,10.0,65.11,56.95,76882.5,8.16,11016.0,12.53,71.0,5.2592592592592595
Beta_Supplies,Office Supplies,Delivered,Yes,865,2023-12-05,2023-12-24,19.0,51.19,47.76,41312.4,3.43,2966.95,6.7,83.0,9.595375722543352
Alpha_Inc,MRO,Delivered,Yes,1989,2023-10-12,2023-10-29,17.0,16.5,15.89,31605.210000000003,0.61,1213.29,3.6999999999999997,57.0,2.865761689291101
Alpha_Inc,Office Supplies,Delivered,Yes,1577,2022-09-28,2022-10-13,15.0,41.77,39.58,62417.659999999996,2.19,3453.63,5.24,32.0,2.029169308814204
Gamma_Co,Packaging,Pending,No,1969,2023-06-02,2023-06-04,2.0,89.25,87.28,171854.32,1.97,3878.93,2.21,108.0,
Beta_Supplies,Packaging,Partially Delivered,Yes,1465,2023-05-16,2023-05-26,10.0,11.25,9.61,14078.65,1.64,2402.6,14.580000000000002,151.0,
Delta_Logistics,Packaging,Pending,Yes,1208,2022-09-15,2022-09-18,3.0,41.62,39.46,47667.68,2.16,2609.28,5.19,,
Beta_Supplies,Raw Materials,Delivered,Yes,1268,2022-02-22,2022-03-11,17.0,46.06,45.26,57389.68,0.8,1014.4,1.7399999999999998,123.0,9.700315457413248
Delta_Logistics,Office Supplies,Delivered,No,450,2022-04-05,2022-04-24,19.0,59.24,55.03,24763.5,4.21,1894.5,7.109999999999999,68.0,15.11111111111111
Gamma_Co,Electronics,Partially Delivered,Yes,689,2023-10-12,2023-10-14,2.0,102.53,95.23,65613.47,7.3,5029.7,7.12,38.0,
Gamma_Co,MRO,Delivered,Yes,1106,2023-03-10,2023-03-29,19.0,44.05,38.6,42691.6,5.45,6027.7,12.370000000000001,51.0,4.61121157323689
Alpha_Inc,Office Supplies,Delivered,Yes,737,2022-10-11,2022-10-22,11.0,43.08,42.58,31381.46,0.5,368.5,1.16,21.0,2.8493894165535956
Alpha_Inc,Raw Materials,Delivered,No,509,2022-02-15,2022-03-04,17.0,76.76,74.72,38032.479999999996,2.04,1038.36,2.6599999999999997,7.0,1.37524557956778
Alpha_Inc,Electronics,Delivered,Yes,1004,2022-01-04,2022-01-06,2.0,50.7,46.59,46776.36,4.11,4126.44,8.110000000000001,27.0,2.689243027888446
Gamma_Co,MRO,Pending,Yes,1956,2022-12-08,2022-12-19,11.0,31.88,28.48,55706.88,3.4,6650.4,10.66,86.0,
Delta_Logistics,Electronics,Delivered,No,519,2022-05-14,,,51.73,47.52,24662.88,4.21,2184.99,8.14,81.0,
Gamma_Co,MRO,Partially Delivered,Yes,1448,2023-10-15,2023-10-21,6.0,25.06,21.62,31305.760000000002,3.44,4981.12,13.73,84.0,
Gamma_Co,Packaging,Delivered,Yes,1095,2022-09-26,2022-10-11,15.0,26.91,23.75,26006.25,3.16,3460.2,11.74,53.0,4.840182648401827
Alpha_Inc,MRO,Delivered,Yes,799,2022-06-15,,,56.22,49.51,39558.49,6.71,5361.29,11.940000000000001,18.0,
Beta_Supplies,MRO,Partially Delivered,Yes,1743,2023-03-29,2023-04-18,20.0,51.04,47.15,82182.45,3.89,6780.27,7.62,160.0,
Alpha_Inc,Raw Materials,Delivered,Yes,87,2023-07-19,2023-07-31,12.0,100.65,85.56,7443.72,15.09,1312.83,14.99,1.0,1.1494252873563218
Beta_Supplies,Raw Materials,Delivered,No,279,2023-12-24,,,47.52,46.5,12973.5,1.02,284.58,2.15,28.0,
Delta_Logistics,Raw Materials,Delivered,Yes,1438,2023-03-14,2023-03-25,11.0,66.61,58.5,84123.0,8.11,11662.18,12.18,237.0,16.481223922114047
Delta_Logistics,Office Supplies,Partially Delivered,Yes,612,2023-07-29,2023-07-31,2.0,72.93,63.32,38751.840000000004,9.61,5881.32,13.18,99.0,
Epsilon_Group,Packaging,Pending,Yes,487,2022-01-10,2022-01-21,11.0,11.18,10.63,5176.81,0.55,267.85,4.92,15.0,
Epsilon_Group,Packaging,Partially Delivered,Yes,1849,2022-04-25,2022-04-29,4.0,70.76,69.25,128043.25,1.51,2791.99,2.13,51.0,
Epsilon_Group,MRO,Partially Delivered,Yes,1356,2022-03-19,2022-04-01,13.0,26.28,25.44,34496.64,0.84,1139.04,3.2,47.0,
Delta_Logistics,Raw Materials,Delivered,Yes,76,2023-12-09,2023-12-29,20.0,107.59,96.33,7321.08,11.26,855.76,10.47,10.0,13.157894736842104
Alpha_Inc,Packaging,Partially Delivered,Yes,275,2022-06-02,2022-06-13,11.0,23.96,20.44,5621.0,3.52,968.0,14.69,,
Alpha_Inc,Packaging,Delivered,Yes,1350,2023-07-13,2023-07-18,5.0,51.57,48.07,64894.5,3.5,4725.0,6.79,,
Alpha_Inc,MRO,Delivered,Yes,847,2022-02-06,,,17.77,17.39,14729.33,0.38,321.86,2.1399999999999997,,
Gamma_Co,MRO,Delivered,Yes,1682,2023-01-14,2023-01-27,13.0,105.7,101.3,170386.6,4.4,7400.8,4.16,94.0,5.58858501783591
Epsilon_Group,Electronics,Delivered,Yes,333,2023-08-20,2023-08-23,3.0,60.44,58.54,19493.82,1.9,632.7,3.1399999999999997,8.0,2.4024024024024024
Alpha_Inc,Electronics,Cancelled,Yes,928,2023-07-20,2023-08-02,13.0,69.31,67.26,62417.280000000006,2.05,1902.4,2.96,20.0,
Epsilon_Group,MRO,Partially Delivered,Yes,1009,2022-06-01,2022-06-12,11.0,16.44,16.18,16325.619999999999,0.26,262.34,1.58,,
Epsilon_Group,Electronics,Pending,Yes,1554,2023-03-17,2023-04-03,17.0,82.92,74.82,116270.27999999998,8.1,12587.4,9.77,44.0,
Gamma_Co,Packaging,Partially Delivered,Yes,502,2022-05-11,2022-05-25,14.0,29.47,28.94,14527.880000000001,0.53,266.06,1.7999999999999998,27.0,
Delta_Logistics,MRO,Delivered,Yes,1069,2022-02-12,2022-02-13,1.0,91.28,82.64,88342.16,8.64,9236.16,9.47,,
Alpha_Inc,MRO,Pending,Yes,1902,2022-11-12,2022-11-18,6.0,29.89,25.83,49128.659999999996,4.06,7722.12,13.58,41.0,
Gamma_Co,Raw Materials,Pending,Yes,865,2023-01-09,,,28.79,25.69,22221.850000000002,3.1,2681.5,10.77,47.0,
Delta_Logistics,Packaging,Partially Delivered,No,708,2022-02-10,2022-02-26,16.0,13.36,11.61,8219.88,1.75,1239.0,13.100000000000001,,
Delta_Logistics,Packaging,Delivered,Yes,1589,2023-01-02,2023-01-07,5.0,55.64,48.52,77098.28,7.12,11313.68,12.8,,
Alpha_Inc,Office Supplies,Delivered,Yes,596,2022-08-04,2022-08-14,10.0,62.96,61.88,36880.48,1.08,643.68,1.72,9.0,1.5100671140939599
Epsilon_Group,Office Supplies,Delivered,Yes,1265,2023-11-30,2023-12-04,4.0,17.66,16.97,21467.05,0.69,872.85,3.91,34.0,2.6877470355731226
Beta_Supplies,Raw Materials,Delivered,No,1122,2022-09-13,2022-10-01,18.0,82.99,81.7,91667.40000000001,1.29,1447.38,1.55,118.0,10.51693404634581
Epsilon_Group,Office Supplies,Delivered,Yes,1585,2023-11-14,2023-12-01,17.0,56.38,53.05,84084.25,3.33,5278.05,5.91,,
Epsilon_Group,Electronics,Delivered,Yes,66,2022-04-16,2022-04-27,11.0,58.05,50.76,3350.16,7.29,481.14,12.559999999999999,,
Beta_Supplies,MRO,Delivered,No,1245,2022-12-29,2023-01-18,20.0,52.4,51.65,64304.25,0.75,933.75,1.43,118.0,9.477911646586346
Delta_Logistics,Electronics,Delivered,No,1293,2023-07-28,2023-08-10,13.0,50.21,47.55,61482.149999999994,2.66,3439.38,5.3,,
Beta_Supplies,Packaging,Delivered,Yes,207,2023-02-21,2023-02-27,6.0,64.29,63.01,13043.07,1.28,264.96,1.9900000000000002,25.0,12.077294685990339
Beta_Supplies,Office Supplies,Delivered,Yes,526,2023-09-28,2023-10-18,20.0,26.37,25.32,13318.32,1.05,552.3,3.9800000000000004,47.0,8.935361216730039
Gamma_Co,Electronics,Delivered,Yes,1119,2022-06-08,2022-06-14,6.0,27.03,23.82,26654.58,3.21,3591.99,11.88,,
Gamma_Co,Packaging,Delivered,Yes,1446,2022-08-31,2022-09-02,2.0,90.63,84.51,122201.46,6.12,8849.52,6.75,77.0,5.325034578146611
Gamma_Co,Office Supplies,Delivered,Yes,567,2022-06-16,2022-06-24,8.0,97.53,85.29,48359.43,12.24,6940.08,12.55,21.0,3.7037037037037033
Delta_Logistics,MRO,Delivered,No,148,2022-07-01,,,44.91,40.1,5934.8,4.81,711.88,10.71,,
Beta_Supplies,MRO,Pending,Yes,1965,2023-02-27,2023-03-14,15.0,36.6,34.64,68067.6,1.96,3851.4,5.36,195.0,
Alpha_Inc,Office Supplies,Pending,Yes,1818,2022-01-26,2022-02-03,8.0,67.96,58.98,107225.64,8.98,16325.64,13.209999999999999,,
Beta_Supplies,MRO,Delivered,Yes,1110,2022-07-03,2022-07-19,16.0,48.19,45.88,50926.8,2.31,2564.1,4.79,112.0,10.09009009009009
Delta_Logistics,Raw Materials,Delivered,Yes,329,2022-12-07,,,12.96,12.74,4191.46,0.22,72.38,1.7000000000000002,48.0,
Gamma_Co,Office Supplies,Cancelled,Yes,1422,2023-02-26,2023-03-17,19.0,25.62,25.18,35805.96,0.44,625.68,1.72,65.0,
Delta_Logistics,Raw Materials,Delivered,No,546,2023-11-17,,,82.63,74.77,40824.42,7.86,4291.56,9.51,76.0,
Gamma_Co,Office Supplies,Partially Delivered,Yes,351,2022-09-12,2022-09-22,10.0,72.08,71.3,25026.3,0.78,273.78,1.08,20.0,
Delta_Logistics,Raw Materials,Partially Delivered,No,230,2022-10-01,2022-10-18,17.0,13.0,12.81,2946.3,0.19,43.7,1.46,,
Alpha_Inc,MRO,Delivered,Yes,656,2022-06-13,2022-06-19,6.0,30.73,26.26,17226.56,4.47,2932.32,14.549999999999999,17.0,2.591463414634146
Gamma_Co,MRO,Delivered,Yes,1172,2023-12-20,2024-01-09,20.0,34.34,32.09,37609.48,2.25,2637.0,6.550000000000001,69.0,5.887372013651877
Gamma_Co,Electronics,Delivered,Yes,749,2022-04-21,2022-04-30,9.0,71.53,70.02,52444.979999999996,1.51,1130.99,2.11,41.0,5.473965287049399
Beta_Supplies,Packaging,Delivered,Yes,1042,2023-01-27,2023-02-12,16.0,12.48,12.3,12816.6,0.18,187.56,1.44,88.0,8.445297504798464
Delta_Logistics,Raw Materials,Delivered,No,1189,2022-02-09,2022-02-27,18.0,19.47,17.15,20391.35,2.32,2758.48,11.92,,
Epsilon_Group,Office Supplies,Delivered,Yes,240,2023-04-27,,,88.14,81.9,19656.0,6.24,1497.6,7.08,4.0,
Epsilon_Group,MRO,Delivered,Yes,302,2022-08-16,2022-09-02,17.0,26.98,26.47,7993.94,0.51,154.02,1.8900000000000001,9.0,2.980132450331126
Beta_Supplies,MRO,Pending,No,1030,2022-07-24,2022-08-03,10.0,70.81,61.58,63427.4,9.23,9506.9,13.03,,
Delta_Logistics,Office Supplies,Delivered,Yes,977,2023-04-17,2023-04-23,6.0,33.79,32.25,31508.25,1.54,1504.58,4.5600000000000005,137.0,14.022517911975434
Alpha_Inc,Packaging,Delivered,Yes,1234,2022-12-25,2023-01-11,17.0,19.99,17.66,21792.44,2.33,2875.22,11.66,25.0,2.025931928687196
Beta_Supplies,Office Supplies,Delivered,Yes,1329,2022-11-09,2022-11-23,14.0,33.48,33.06,43936.740000000005,0.42,558.18,1.25,146.0,10.985703536493604
Gamma_Co,Raw Materials,Delivered,Yes,1396,2022-08-22,2022-08-30,8.0,77.63,67.81,94662.76000000001,9.82,13708.72,12.65,58.0,4.154727793696275
Alpha_Inc,Raw Materials,Delivered,Yes,177,2022-08-17,2022-08-29,12.0,90.06,87.71,15524.669999999998,2.35,415.95,2.6100000000000003,7.0,3.954802259887006
Delta_Logistics,Electronics,Delivered,Yes,67,2022-01-25,,,84.72,73.06,4895.02,11.66,781.22,13.76,9.0,
Gamma_Co,Office Supplies,Delivered,Yes,1866,2023-11-07,2023-11-20,13.0,50.78,48.2,89941.20000000001,2.58,4814.28,5.08,96.0,5.144694533762058
Epsilon_Group,MRO,Delivered,Yes,1808,2022-07-17,2022-07-25,8.0,72.23,67.86,122690.88,4.37,7900.96,6.05,53.0,2.9314159292035398
Delta_Logistics,Electronics,Cancelled,Yes,615,2023-02-13,2023-02-16,3.0,30.3,29.52,18154.8,0.78,479.7,2.5700000000000003,96.0,
Gamma_Co,Office Supplies,Pending,Yes,619,2022-12-03,2022-12-04,1.0,38.38,35.02,21677.38,3.36,2079.84,8.75,34.0,
Delta_Logistics,Office Supplies,Delivered,Yes,1396,2022-10-13,2022-10-17,4.0,94.75,84.06,117347.76000000001,10.69,14923.24,11.28,210.0,15.04297994269341
Gamma_Co,MRO,Delivered,Yes,1945,2022-03-13,2022-03-24,11.0,11.28,9.98,19411.100000000002,1.3,2528.5,11.52,94.0,4.832904884318766
Delta_Logistics,Packaging,Delivered,No,735,2022-10-13,2022-10-18,5.0,18.49,15.89,11679.15,2.6,1911.0,14.06,113.0,15.374149659863946
Epsilon_Group,Office Supplies,Pending,Yes,1865,2022-12-26,2023-01-11,16.0,30.29,26.83,50037.95,3.46,6452.9,11.42,56.0,
Beta_Supplies,Electronics,Cancelled,Yes,675,2023-10-19,2023-10-24,5.0,13.69,11.84,7992.0,1.85,1248.75,13.51,52.0,
Gamma_Co,MRO,Pending,Yes,1361,2023-06-06,2023-06-22,16.0,28.57,24.29,33058.69,4.28,5825.08,14.979999999999999,65.0,
Gamma_Co,Raw Materials,Delivered,Yes,903,2023-02-14,2023-02-15,1.0,66.53,60.15,54315.45,6.38,5761.14,9.59,29.0,3.211517165005537
Epsilon_Group,Packaging,Cancelled,Yes,1736,2023-11-27,,,53.2,50.68,87980.48,2.52,4374.72,4.74,48.0,
Beta_Supplies,MRO,Delivered,Yes,1011,2023-07-04,2023-07-11,7.0,98.47,97.06,98127.66,1.41,1425.51,1.43,91.0,9.000989119683481
Delta_Logistics,Electronics,Delivered,Yes,1712,2022-12-06,2022-12-24,18.0,88.17,85.86,146992.32,2.31,3954.72,2.62,246.0,14.369158878504674
Gamma_Co,Office Supplies,Delivered,Yes,204,2022-01-29,,,40.76,37.46,7641.84,3.3,673.2,8.1,10.0,
Beta_Supplies,Electronics,Partially Delivered,No,539,2022-04-29,2022-05-13,14.0,33.85,30.57,16477.23,3.28,1767.92,9.69,34.0,
Delta_Logistics,Office Supplies,Delivered,No,1459,2022-09-25,2022-10-05,10.0,45.94,42.56,62095.04,3.38,4931.42,7.359999999999999,212.0,14.530500342700481
Gamma_Co,MRO,Delivered,Yes,834,2022-07-02,2022-07-06,4.0,65.02,56.19,46862.46,8.83,7364.22,13.58,,
Gamma_Co,Packaging,Partially Delivered,Yes,1177,2023-08-18,2023-09-01,14.0,37.37,34.27,40335.79,3.1,3648.7,8.3,60.0,
Delta_Logistics,MRO,Delivered,Yes,1466,2022-09-29,2022-10-19,20.0,68.82,66.82,97958.12,2.0,2932.0,2.91,211.0,14.392905866302867
Epsilon_Group,Electronics,Delivered,Yes,1884,2022-02-09,2022-02-13,4.0,47.08,44.31,83480.04000000001,2.77,5218.68,5.88,54.0,2.8662420382165608
Beta_Supplies,Electronics,Delivered,Yes,295,2022-04-22,2022-05-08,16.0,60.58,57.32,16909.4,3.26,961.7,5.38,31.0,10.508474576271185
Gamma_Co,Raw Materials,Delivered,Yes,1249,2023-09-03,2023-09-04,1.0,54.18,47.29,59065.21,6.89,8605.61,12.72,59.0,4.723779023218575
Delta_Logistics,Raw Materials,Delivered,No,1112,2023-03-21,2023-04-09,19.0,39.06,33.6,37363.200000000004,5.46,6071.52,13.98,184.0,16.546762589928058
Gamma_Co,Office Supplies,Delivered,Yes,1550,2022-12-20,2022-12-25,5.0,100.61,97.43,151016.5,3.18,4929.0,3.16,66.0,4.258064516129032
Delta_Logistics,Electronics,Delivered,No,1755,2022-11-18,2022-11-19,1.0,82.66,73.67,129290.85,8.99,15777.45,10.879999999999999,258.0,14.700854700854702
Gamma_Co,Raw Materials,Delivered,Yes,808,2023-03-23,2023-03-31,8.0,24.19,21.64,17485.12,2.55,2060.4,10.54,39.0,4.826732673267327
Alpha_Inc,Raw Materials,Partially Delivered,Yes,587,2023-09-13,2023-09-19,6.0,96.98,95.35,55970.45,1.63,956.81,1.68,14.0,
Epsilon_Group,MRO,Delivered,Yes,1940,2023-06-08,2023-06-11,3.0,58.45,50.29,97562.59999999999,8.16,15830.4,13.96,54.0,2.7835051546391756
Beta_Supplies,Office Supplies,Cancelled,Yes,1891,2022-04-29,2022-05-11,12.0,91.87,80.28,151809.48,11.59,21916.69,12.620000000000001,158.0,
Epsilon_Group,Packaging,Delivered,Yes,970,2023-01-30,2023-02-16,17.0,86.91,78.44,76086.8,8.47,8215.9,9.75,18.0,1.8556701030927836
Epsilon_Group,MRO,Delivered,Yes,457,2023-08-14,2023-08-31,17.0,52.85,50.34,23005.38,2.51,1147.07,4.75,16.0,3.50109409190372
Beta_Supplies,Office Supplies,Cancelled,No,574,2022-07-14,2022-07-27,13.0,12.38,11.47,6583.780000000001,0.91,522.34,7.35,,
Epsilon_Group,Office Supplies,Delivered,Yes,877,2022-09-18,2022-09-20,2.0,35.55,34.69,30423.129999999997,0.86,754.22,2.42,24.0,2.7366020524515395
Alpha_Inc,MRO,Delivered,Yes,1579,2022-02-15,2022-02-27,12.0,59.04,50.95,80450.05,8.09,12774.11,13.700000000000001,29.0,1.8366054464851171
Delta_Logistics,Raw Materials,Delivered,Yes,952,2023-12-27,2023-12-28,1.0,74.72,69.73,66382.96,4.99,4750.48,6.68,,
Beta_Supplies,Raw Materials,Pending,Yes,1898,2023-03-23,2023-03-26,3.0,35.53,33.25,63108.5,2.28,4327.44,6.419999999999999,187.0,
Delta_Logistics,Packaging,Delivered,Yes,85,2022-01-02,2022-01-06,4.0,22.54,20.68,1757.8,1.86,158.1,8.25,6.0,7.0588235294117645
Gamma_Co,Packaging,Pending,No,734,2023-06-17,2023-06-28,11.0,92.38,78.92,57927.28,13.46,9879.64,14.57,34.0,
Alpha_Inc,Office Supplies,Delivered,Yes,69,2023-07-06,2023-07-18,12.0,107.47,105.53,7281.57,1.94,133.86,1.81,,
Delta_Logistics,Packaging,Delivered,Yes,370,2023-12-05,2023-12-11,6.0,63.9,55.79,20642.3,8.11,3000.7,12.690000000000001,59.0,15.945945945945947
Delta_Logistics,MRO,Delivered,Yes,1849,2023-11-18,2023-12-03,15.0,28.25,27.53,50902.97,0.72,1331.28,2.55,271.0,14.656571119524067
Beta_Supplies,Packaging,Delivered,No,561,2022-07-21,,,35.54,30.99,17385.39,4.55,2552.55,12.8,68.0,
Gamma_Co,Electronics,Delivered,Yes,449,2023-01-08,2023-01-14,6.0,12.35,10.67,4790.83,1.68,754.32,13.600000000000001,29.0,6.45879732739421
Beta_Supplies,Office Supplies,Delivered,Yes,703,2023-03-18,2023-03-21,3.0,98.75,86.78,61006.340000000004,11.97,8414.91,12.120000000000001,59.0,8.392603129445234
Gamma_Co,Electronics,Delivered,Yes,1021,2022-03-13,2022-03-28,15.0,20.8,18.23,18612.83,2.57,2623.97,12.36,37.0,3.623898139079334
Beta_Supplies,Office Supplies,Delivered,Yes,1956,2023-11-12,2023-11-19,7.0,68.69,65.09,127316.04000000001,3.6,7041.6,5.24,,
Delta_Logistics,Office Supplies,Partially Delivered,No,520,2022-12-05,2022-12-12,7.0,36.57,34.78,18085.600000000002,1.79,930.8,4.89,67.0,
Delta_Logistics,MRO,Delivered,No,1216,2023-10-01,2023-10-12,11.0,66.16,63.0,76608.0,3.16,3842.56,4.78,179.0,14.720394736842104
Alpha_Inc,Raw Materials,Delivered,Yes,1165,2022-11-18,,,72.06,63.93,74478.45,8.13,9471.45,11.28,,
Delta_Logistics,Packaging,Pending,Yes,1427,2023-11-11,2023-11-29,18.0,93.99,83.6,119297.2,10.39,14826.53,11.05,213.0,
Epsilon_Group,Electronics,Delivered,Yes,883,2022-05-08,2022-05-10,2.0,29.15,25.75,22737.25,3.4,3002.2,11.66,14.0,1.5855039637599093
Delta_Logistics,Packaging,Partially Delivered,No,1873,2022-11-04,2022-11-11,7.0,11.54,9.89,18523.97,1.65,3090.45,14.299999999999999,284.0,
Epsilon_Group,Office Supplies,Delivered,Yes,776,2023-06-04,2023-06-06,2.0,24.22,22.53,17483.280000000002,1.69,1311.44,6.98,27.0,3.479381443298969
Delta_Logistics,Electronics,Delivered,No,903,2022-11-13,2022-11-24,11.0,95.55,92.45,83482.35,3.1,2799.3,3.2399999999999998,149.0,16.500553709856035
Epsilon_Group,Electronics,Delivered,Yes,100,2023-11-14,2023-11-26,12.0,98.4,85.76,8576.0,12.64,1264.0,12.85,3.0,3.0
Epsilon_Group,Office Supplies,Delivered,Yes,1738,2023-02-23,2023-03-08,13.0,67.91,61.15,106278.7,6.76,11748.88,9.950000000000001,,
Delta_Logistics,Packaging,Delivered,No,1771,2022-12-01,2022-12-14,13.0,67.57,61.48,108881.07999999999,6.09,10785.39,9.01,280.0,15.810276679841898
Epsilon_Group,Electronics,Delivered,No,624,2023-02-17,2023-02-23,6.0,74.39,66.3,41371.2,8.09,5048.16,10.879999999999999,18.0,2.8846153846153846
Alpha_Inc,Packaging,Partially Delivered,Yes,1263,2023-12-15,2023-12-31,16.0,28.75,27.1,34227.3,1.65,2083.95,5.74,26.0,
Gamma_Co,Electronics,Cancelled,Yes,1198,2022-10-30,2022-11-16,17.0,96.45,90.09,107927.82,6.36,7619.28,6.59,,
Epsilon_Group,Raw Materials,Delivered,No,199,2023-07-22,2023-07-25,3.0,51.98,45.64,9082.36,6.34,1261.66,12.2,,
Epsilon_Group,MRO,Pending,Yes,363,2022-05-11,2022-05-14,3.0,45.37,38.73,14058.989999999998,6.64,2410.32,14.64,,
Alpha_Inc,Office Supplies,Delivered,Yes,619,2022-07-16,2022-07-22,6.0,58.4,51.04,31593.76,7.36,4555.84,12.6,,
Alpha_Inc,MRO,Delivered,Yes,1415,2023-03-07,2023-03-18,11.0,15.22,13.56,19187.4,1.66,2348.9,10.91,30.0,2.1201413427561837
Beta_Supplies,Packaging,Delivered,No,354,2023-11-12,2023-11-23,11.0,27.71,23.87,8449.98,3.84,1359.36,13.86,39.0,11.016949152542372
Gamma_Co,MRO,Delivered,Yes,1765,2023-01-24,2023-02-03,10.0,81.01,78.43,138428.95,2.58,4553.7,3.18,78.0,4.419263456090651
Beta_Supplies,MRO,Delivered,No,731,2023-11-25,2023-12-09,14.0,19.37,17.3,12646.300000000001,2.07,1513.17,10.69,69.0,9.439124487004104
Epsilon_Group,MRO,Delivered,Yes,887,2022-06-28,2022-07-13,15.0,65.89,59.67,52927.29,6.22,5517.14,9.44,29.0,3.269447576099211
Alpha_Inc,MRO,Delivered,Yes,1856,2023-09-23,2023-09-25,2.0,35.29,32.41,60152.95999999999,2.88,5345.28,8.16,26.0,1.4008620689655173
Epsilon_Group,Office Supplies,Delivered,Yes,1127,2023-08-06,2023-08-18,12.0,49.32,46.49,52394.23,2.83,3189.41,5.74,30.0,2.6619343389529724
Delta_Logistics,Raw Materials,Delivered,Yes,1052,2022-11-05,2022-11-19,14.0,37.78,32.6,34295.200000000004,5.18,5449.36,13.71,162.0,15.399239543726237
Gamma_Co,Raw Materials,Delivered,No,493,2023-02-20,2023-02-22,2.0,44.74,41.44,20429.92,3.3,1626.9,7.380000000000001,24.0,4.86815415821501
Delta_Logistics,MRO,Partially Delivered,Yes,662,2023-07-16,2023-07-29,13.0,81.44,71.33,47220.46,10.11,6692.82,12.41,87.0,
Alpha_Inc,Raw Materials,Delivered,Yes,1042,2022-01-01,2022-01-07,6.0,36.74,35.78,37282.76,0.96,1000.32,2.6100000000000003,33.0,3.166986564299424
Alpha_Inc,Raw Materials,Delivered,Yes,313,2022-11-08,,,64.03,57.74,18072.62,6.29,1968.77,9.82,1.0,
Alpha_Inc,Office Supplies,Delivered,Yes,1126,2022-10-21,2022-11-10,20.0,55.22,50.38,56727.880000000005,4.84,5449.84,8.76,,
Gamma_Co,MRO,Delivered,Yes,1645,2022-08-04,2022-08-19,15.0,72.17,64.0,105280.0,8.17,13439.65,11.32,79.0,4.802431610942249
Beta_Supplies,Packaging,Delivered,Yes,1053,2023-03-17,2023-03-20,3.0,100.92,92.35,97244.54999999999,8.57,9024.21,8.49,104.0,9.876543209876543
Epsilon_Group,MRO,Delivered,Yes,1693,2023-08-17,2023-08-29,12.0,83.14,73.3,124096.9,9.84,16659.12,11.84,62.0,3.662138216184288
Epsilon_Group,Raw Materials,Pending,Yes,54,2023-09-14,2023-10-03,19.0,32.28,28.65,1547.1,3.63,196.02,11.25,3.0,
Epsilon_Group,Packaging,Delivered,Yes,1176,2023-11-02,2023-11-07,5.0,14.22,12.21,14358.960000000001,2.01,2363.76,14.14,33.0,2.806122448979592
Epsilon_Group,Raw Materials,Delivered,Yes,1269,2022-11-26,2022-12-08,12.0,35.28,33.7,42765.3,1.58,2005.02,4.4799999999999995,35.0,2.7580772261623325
Epsilon_Group,Raw Materials,Delivered,Yes,823,2023-04-22,2023-04-25,3.0,68.32,64.46,53050.579999999994,3.86,3176.78,5.65,19.0,2.3086269744835968
Beta_Supplies,Electronics,Delivered,No,926,2023-03-29,2023-04-15,17.0,15.65,13.49,12491.74,2.16,2000.16,13.8,94.0,10.151187904967603
Delta_Logistics,Electronics,Cancelled,No,1041,2023-03-29,2023-04-09,11.0,58.5,52.54,54694.14,5.96,6204.36,10.190000000000001,170.0,
Gamma_Co,Electronics,Pending,Yes,933,2023-11-23,2023-12-01,8.0,70.72,65.47,61083.51,5.25,4898.25,7.42,42.0,
Delta_Logistics,Raw Materials,Delivered,Yes,1423,2022-08-07,,,41.48,40.9,58200.7,0.58,825.34,1.4000000000000001,199.0,
Delta_Logistics,MRO,Delivered,No,96,2023-06-08,2023-06-14,6.0,86.13,80.32,7710.719999999999,5.81,557.76,6.75,12.0,12.5
Epsilon_Group,MRO,Delivered,Yes,916,2023-04-30,2023-05-13,13.0,21.06,19.53,17889.48,1.53,1401.48,7.26,25.0,2.7292576419213974
Epsilon_Group,Raw Materials,Delivered,Yes,872,2022-06-23,,,17.18,16.63,14501.359999999999,0.55,479.6,3.2,20.0,
Beta_Supplies,Electronics,Delivered,No,985,2023-11-06,2023-11-15,9.0,83.85,80.88,79666.79999999999,2.97,2925.45,3.54,,
Gamma_Co,Raw Materials,Delivered,Yes,1893,2022-03-28,2022-04-04,7.0,55.14,50.1,94839.3,5.04,9540.72,9.139999999999999,98.0,5.176967776016904
Alpha_Inc,MRO,Delivered,Yes,705,2022-10-18,,,75.19,69.55,49032.75,5.64,3976.2,7.5,19.0,
Delta_Logistics,MRO,Delivered,No,318,2023-06-12,2023-06-28,16.0,53.31,51.78,16466.04,1.53,486.54,2.87,,
Alpha_Inc,Office Supplies,Pending,Yes,419,2023-11-11,2023-11-16,5.0,35.72,32.74,13718.060000000001,2.98,1248.62,8.34,7.0,
Gamma_Co,MRO,Delivered,Yes,685,2023-10-11,2023-10-26,15.0,92.51,90.05,61684.25,2.46,1685.1,2.6599999999999997,38.0,5.547445255474453
Delta_Logistics,Office Supplies,Partially Delivered,Yes,1179,2023-09-27,2023-10-12,15.0,90.14,82.63,97420.76999999999,7.51,8854.29,8.33,194.0,
Alpha_Inc,Raw Materials,Delivered,Yes,1743,2022-12-10,,,76.51,65.88,114828.84,10.63,18528.09,13.889999999999999,40.0,
Alpha_Inc,MRO,Delivered,Yes,1732,2022-04-06,2022-04-17,11.0,35.01,34.18,59199.76,0.83,1437.56,2.37,40.0,2.3094688221709005
Beta_Supplies,Office Supplies,Delivered,No,706,2022-08-29,2022-09-01,3.0,65.33,62.06,43814.36,3.27,2308.62,5.01,60.0,8.498583569405099
Gamma_Co,MRO,Cancelled,Yes,169,2023-11-20,2023-11-30,10.0,47.16,43.4,7334.599999999999,3.76,635.44,7.969999999999999,,
Gamma_Co,Office Supplies,Pending,No,880,2022-11-14,2022-11-20,6.0,19.15,18.69,16447.2,0.46,404.8,2.4,,
Gamma_Co,MRO,Delivered,No,1860,2022-08-19,2022-08-25,6.0,95.8,92.17,171436.2,3.63,6751.8,3.7900000000000005,105.0,5.64516129032258
Delta_Logistics,MRO,Delivered,Yes,1677,2022-07-23,2022-08-09,17.0,22.98,21.71,36407.67,1.27,2129.79,5.53,246.0,14.669051878354203
Beta_Supplies,Packaging,Partially Delivered,Yes,1131,2022-05-31,2022-06-07,7.0,97.43,91.28,103237.68000000001,6.15,6955.65,6.3100000000000005,103.0,
Epsilon_Group,Raw Materials,Cancelled,Yes,1419,2022-01-26,2022-02-03,8.0,50.14,43.46,61669.74,6.68,9478.92,13.320000000000002,,
Delta_Logistics,Raw Materials,Pending,Yes,790,2022-02-17,2022-02-18,1.0,26.8,25.62,20239.8,1.18,932.2,4.3999999999999995,115.0,
Gamma_Co,MRO,Pending,Yes,1547,2022-09-08,2022-09-27,19.0,61.12,53.43,82656.21,7.69,11896.43,12.58,77.0,
Delta_Logistics,Office Supplies,Cancelled,Yes,166,2023-05-02,2023-05-20,18.0,95.65,94.48,15683.68,1.17,194.22,1.22,23.0,
Alpha_Inc,Electronics,Delivered,Yes,1903,2023-09-18,2023-09-21,3.0,83.49,82.33,156673.99,1.16,2207.48,1.39,43.0,2.2595901208617972
Delta_Logistics,Office Supplies,Partially Delivered,Yes,840,2022-03-16,2022-03-29,13.0,83.42,80.35,67494.0,3.07,2578.8,3.6799999999999997,153.0,
Delta_Logistics,MRO,Delivered,Yes,1200,2023-04-12,,,74.49,64.63,77556.0,9.86,11832.0,13.239999999999998,161.0,
Gamma_Co,Raw Materials,Delivered,Yes,1466,2023-03-01,2023-03-18,17.0,77.37,70.35,103133.09999999999,7.02,10291.32,9.07,72.0,4.911323328785812
Alpha_Inc,Office Supplies,Delivered,Yes,1981,2023-10-07,2023-10-21,14.0,95.5,94.39,186986.59,1.11,2198.91,1.16,49.0,2.4734982332155475
Gamma_Co,Packaging,Delivered,Yes,1062,2023-08-13,2023-08-16,3.0,35.55,32.38,34387.560000000005,3.17,3366.54,8.92,,
Alpha_Inc,MRO,Delivered,Yes,1714,2022-07-19,2022-07-30,11.0,55.67,55.09,94424.26000000001,0.58,994.12,1.04,42.0,2.4504084014002334
Alpha_Inc,Office Supplies,Delivered,Yes,1131,2023-12-15,2023-12-30,15.0,33.35,31.28,35377.68,2.07,2341.17,6.21,23.0,2.033598585322723
Alpha_Inc,Office Supplies,Delivered,Yes,683,2023-01-29,2023-02-15,17.0,104.82,101.34,69215.22,3.48,2376.84,3.32,,
Gamma_Co,Packaging,Partially Delivered,Yes,562,2023-05-22,2023-06-09,18.0,102.56,90.88,51074.56,11.68,6564.16,11.39,38.0,
Alpha_Inc,Electronics,Delivered,Yes,1824,2023-02-14,2023-02-20,6.0,14.43,14.11,25736.64,0.32,583.68,2.22,36.0,1.9736842105263157
Beta_Supplies,Electronics,Partially Delivered,Yes,851,2022-09-07,2022-09-12,5.0,76.44,74.76,63620.76,1.68,1429.68,2.1999999999999997,91.0,
Beta_Supplies,Office Supplies,Delivered,Yes,1169,2022-06-01,2022-06-03,2.0,95.6,82.16,96045.04,13.44,15711.36,14.06,103.0,8.810949529512403
Epsilon_Group,MRO,Delivered,Yes,1711,2023-11-03,2023-11-20,17.0,29.14,26.35,45084.850000000006,2.79,4773.69,9.569999999999999,48.0,2.805376972530684
Beta_Supplies,Packaging,Pending,Yes,1191,2023-12-06,2023-12-12,6.0,68.14,61.71,73496.61,6.43,7658.13,9.44,112.0,
Epsilon_Group,Electronics,Delivered,Yes,609,2022-01-06,2022-01-14,8.0,92.39,82.75,50394.75,9.64,5870.76,10.43,29.0,4.761904761904762
Beta_Supplies,Office Supplies,Delivered,Yes,1674,2022-04-20,2022-05-07,17.0,13.25,11.77,19702.98,1.48,2477.52,11.17,181.0,10.81242532855436
Gamma_Co,MRO,Delivered,Yes,537,2023-03-12,2023-03-15,3.0,77.86,71.18,38223.66,6.68,3587.16,8.58,20.0,3.7243947858473
Epsilon_Group,Electronics,Delivered,Yes,1310,2022-08-13,2022-08-31,18.0,38.05,37.0,48470.0,1.05,1375.5,2.76,45.0,3.435114503816794
Delta_Logistics,Raw Materials,Delivered,Yes,1958,2022-06-30,2022-07-10,10.0,95.53,91.72,179587.76,3.81,7459.98,3.9899999999999998,308.0,15.730337078651685
Delta_Logistics,Office Supplies,Delivered,Yes,946,2023-12-14,2023-12-17,3.0,108.6,101.78,96283.88,6.82,6451.72,6.279999999999999,146.0,15.433403805496829
Beta_Supplies,Packaging,Partially Delivered,Yes,1345,2023-06-15,2023-06-21,6.0,103.06,95.14,127963.3,7.92,10652.4,7.68,,
Delta_Logistics,MRO,Delivered,No,1262,2023-04-21,2023-05-10,19.0,56.63,51.46,64942.520000000004,5.17,6524.54,9.13,,
Beta_Supplies,Office Supplies,Pending,Yes,753,2022-02-21,2022-03-13,20.0,88.02,79.92,60179.76,8.1,6099.3,9.2,75.0,
Beta_Supplies,Electronics,Delivered,Yes,1520,2023-07-25,2023-08-14,20.0,93.75,81.63,124077.59999999999,12.12,18422.4,12.93,149.0,9.802631578947368
Delta_Logistics,Office Supplies,Delivered,Yes,630,2022-09-13,2022-10-02,19.0,40.27,37.54,23650.2,2.73,1719.9,6.78,76.0,12.063492063492063
Delta_Logistics,Office Supplies,Delivered,Yes,839,2022-05-05,2022-05-06,1.0,86.29,82.51,69225.89,3.78,3171.42,4.38,110.0,13.110846245530395
Alpha_Inc,Electronics,Delivered,Yes,910,2023-04-13,2023-05-02,19.0,14.33,14.07,12803.7,0.26,236.6,1.81,27.0,2.9670329670329667
Epsilon_Group,Raw Materials,Delivered,Yes,296,2022-05-17,2022-05-24,7.0,64.94,63.61,18828.56,1.33,393.68,2.0500000000000003,,
Beta_Supplies,MRO,Delivered,Yes,1149,2023-04-21,2023-05-05,14.0,33.0,30.65,35216.85,2.35,2700.15,7.12,141.0,12.27154046997389
Delta_Logistics,Electronics,Delivered,No,203,2023-11-15,2023-11-16,1.0,23.14,20.0,4060.0,3.14,637.42,13.569999999999999,,
Epsilon_Group,Office Supplies,Delivered,Yes,1729,2023-06-28,2023-07-16,18.0,18.36,16.34,28251.86,2.02,3492.58,11.0,47.0,2.7183342972816655
Delta_Logistics,Office Supplies,Delivered,Yes,1508,2023-07-27,2023-08-06,10.0,79.21,73.27,110491.15999999999,5.94,8957.52,7.5,226.0,14.986737400530503
Delta_Logistics,Packaging,Partially Delivered,No,1046,2023-09-02,2023-09-15,13.0,44.65,40.1,41944.6,4.55,4759.3,10.190000000000001,165.0,
Alpha_Inc,Office Supplies,Delivered,Yes,1159,2022-11-21,2022-11-24,3.0,78.99,71.69,83088.70999999999,7.3,8460.7,9.24,14.0,1.2079378774805867
Beta_Supplies,Electronics,Delivered,No,746,2023-03-30,2023-04-05,6.0,16.99,15.35,11451.1,1.64,1223.44,9.65,69.0,9.249329758713138
Beta_Supplies,Packaging,Delivered,Yes,1358,2023-09-20,2023-10-06,16.0,42.21,38.75,52622.5,3.46,4698.68,8.200000000000001,128.0,9.425625920471282
Gamma_Co,Office Supplies,Delivered,Yes,1293,2023-06-01,2023-06-12,11.0,63.53,59.42,76830.06,4.11,5314.23,6.47,79.0,6.109822119102862
Alpha_Inc,Electronics,Delivered,Yes,1142,2023-03-13,2023-03-24,11.0,86.85,74.28,84827.76,12.57,14354.94,14.469999999999999,30.0,2.626970227670753
Epsilon_Group,MRO,Delivered,Yes,1120,2023-07-16,2023-07-27,11.0,42.17,37.47,41966.4,4.7,5264.0,11.15,33.0,2.946428571428571
Alpha_Inc,MRO,Delivered,Yes,1058,2023-04-02,2023-04-14,12.0,71.3,62.04,65638.31999999999,9.26,9797.08,12.989999999999998,,
Epsilon_Group,Office Supplies,Delivered,Yes,143,2022-06-12,,,91.98,86.02,12300.859999999999,5.96,852.28,6.4799999999999995,5.0,
Beta_Supplies,MRO,Delivered,Yes,1823,2023-05-02,2023-05-14,12.0,70.66,66.92,121995.16,3.74,6818.02,5.29,202.0,11.080636313768514
Gamma_Co,Office Supplies,Delivered,Yes,1007,2023-04-06,2023-04-10,4.0,33.29,28.48,28679.36,4.81,4843.67,14.45,49.0,4.865938430983118
Gamma_Co,Packaging,Delivered,No,1061,2022-09-23,2022-10-08,15.0,12.68,12.36,13113.96,0.32,339.52,2.52,56.0,5.27803958529689
Beta_Supplies,MRO,Pending,Yes,502,2022-09-11,2022-09-26,15.0,91.84,82.33,41329.659999999996,9.51,4774.02,10.35,,
Delta_Logistics,Packaging,Delivered,No,1277,2023-10-15,2023-10-19,4.0,13.17,11.63,14851.51,1.54,1966.58,11.690000000000001,199.0,15.58339859044636
Alpha_Inc,Packaging,Delivered,Yes,961,2022-10-11,2022-10-24,13.0,92.72,88.49,85038.89,4.23,4065.03,4.5600000000000005,22.0,2.2892819979188346
Gamma_Co,Packaging,Delivered,Yes,267,2023-06-18,2023-07-02,14.0,62.5,61.18,16335.06,1.32,352.44,2.11,17.0,6.367041198501873
Delta_Logistics,Raw Materials,Cancelled,Yes,523,2023-05-12,2023-05-18,6.0,102.08,99.59,52085.57,2.49,1302.27,2.44,,
Epsilon_Group,Electronics,Pending,Yes,481,2023-10-04,2023-10-23,19.0,90.49,77.17,37118.770000000004,13.32,6406.92,14.719999999999999,,
Gamma_Co,Office Supplies,Delivered,Yes,390,2022-09-02,2022-09-09,7.0,103.81,100.12,39046.8,3.69,1439.1,3.55,20.0,5.128205128205128
Epsilon_Group,Packaging,Delivered,Yes,600,2022-10-09,2022-10-25,16.0,43.43,38.76,23256.0,4.67,2802.0,10.75,22.0,3.6666666666666665
Delta_Logistics,Office Supplies,Delivered,No,1685,2023-03-27,,,84.58,75.21,126728.84999999999,9.37,15788.45,11.08,253.0,
Epsilon_Group,Packaging,Cancelled,Yes,1362,2022-03-21,2022-03-31,10.0,46.64,42.85,58361.700000000004,3.79,5161.98,8.129999999999999,33.0,
Delta_Logistics,Electronics,Pending,Yes,1327,2024-01-01,2024-01-04,3.0,59.57,56.44,74895.87999999999,3.13,4153.51,5.25,169.0,
Epsilon_Group,MRO,Delivered,Yes,1807,2022-10-20,,,69.47,60.0,108420.0,9.47,17112.29,13.63,50.0,
Alpha_Inc,Office Supplies,Pending,Yes,406,2022-08-29,2022-09-06,8.0,91.73,89.13,36186.78,2.6,1055.6,2.83,,
Gamma_Co,Raw Materials,Partially Delivered,No,72,2022-10-06,2022-10-18,12.0,103.0,89.49,6443.28,13.51,972.72,13.120000000000001,1.0,
Gamma_Co,Office Supplies,Delivered,No,1835,2022-12-10,2022-12-20,10.0,83.5,82.36,151130.6,1.14,2091.9,1.37,85.0,4.632152588555858
Delta_Logistics,Electronics,Pending,No,571,2022-11-24,2022-12-10,16.0,49.98,45.58,26026.18,4.4,2512.4,8.799999999999999,,
Epsilon_Group,Packaging,Delivered,Yes,1831,2023-07-08,2023-07-09,1.0,52.24,50.44,92355.64,1.8,3295.8,3.45,60.0,3.2768978700163847
Beta_Supplies,Office Supplies,Pending,Yes,1910,2022-03-24,2022-04-07,14.0,77.15,68.49,130815.9,8.66,16540.6,11.219999999999999,170.0,
Gamma_Co,Electronics,Partially Delivered,Yes,1173,2022-05-22,2022-05-31,9.0,32.12,29.18,34228.14,2.94,3448.62,9.15,,
Epsilon_Group,Packaging,Partially Delivered,Yes,851,2022-06-04,2022-06-17,13.0,20.44,19.22,16356.22,1.22,1038.22,5.970000000000001,22.0,
Epsilon_Group,MRO,Cancelled,Yes,1253,2022-08-25,2022-09-07,13.0,43.38,38.01,47626.53,5.37,6728.61,12.379999999999999,34.0,
Alpha_Inc,Electronics,Delivered,Yes,1296,2023-01-28,2023-02-15,18.0,38.0,33.42,43312.32,4.58,5935.68,12.049999999999999,33.0,2.5462962962962963
Beta_Supplies,Raw Materials,Delivered,Yes,1979,2023-12-12,2023-12-30,18.0,40.88,39.46,78091.34,1.42,2810.18,3.47,221.0,11.167256189994946
Gamma_Co,Office Supplies,Delivered,Yes,811,2022-06-06,2022-06-19,13.0,31.8,30.33,24597.629999999997,1.47,1192.17,4.62,58.0,7.151664611590629
Alpha_Inc,Electronics,Delivered,Yes,1732,2023-12-25,2024-01-12,18.0,15.37,14.7,25460.399999999998,0.67,1160.44,4.36,38.0,2.1939953810623556
Beta_Supplies,Packaging,Delivered,Yes,491,2022-08-08,2022-08-28,20.0,12.01,11.67,5729.97,0.34,166.94,2.83,47.0,9.572301425661914
Gamma_Co,Packaging,Cancelled,Yes,1681,2022-03-07,2022-03-11,4.0,99.88,96.38,162014.78,3.5,5883.5,3.5000000000000004,90.0,
Alpha_Inc,Raw Materials,Partially Delivered,Yes,818,2023-03-01,2023-03-05,4.0,51.89,47.85,39141.3,4.04,3304.72,7.79,12.0,
Beta_Supplies,Office Supplies,Delivered,Yes,1065,2023-02-22,2023-03-05,11.0,47.49,41.42,44112.3,6.07,6464.55,12.78,113.0,10.610328638497652
Gamma_Co,Packaging,Delivered,Yes,1398,2022-12-05,2022-12-17,12.0,75.08,67.09,93791.82,7.99,11170.02,10.639999999999999,57.0,4.07725321888412
Beta_Supplies,Packaging,Delivered,Yes,565,2023-07-10,2023-07-17,7.0,32.31,29.76,16814.4,2.55,1440.75,7.89,60.0,10.619469026548673
Epsilon_Group,Packaging,Pending,Yes,1089,2023-04-23,2023-05-06,13.0,102.66,89.21,97149.68999999999,13.45,14647.05,13.100000000000001,33.0,
Delta_Logistics,Electronics,Delivered,No,841,2023-03-02,2023-03-04,2.0,86.43,83.77,70450.56999999999,2.66,2237.06,3.08,125.0,14.863258026159334
Delta_Logistics,Electronics,Delivered,Yes,385,2022-03-05,2022-03-16,11.0,18.23,17.74,6829.9,0.49,188.65,2.69,,
Epsilon_Group,Office Supplies,Delivered,Yes,1832,2022-07-31,2022-08-17,17.0,49.01,41.86,76687.52,7.15,13098.8,14.59,52.0,2.8384279475982535
Beta_Supplies,Raw Materials,Delivered,Yes,307,2023-03-07,2023-03-27,20.0,95.36,83.63,25674.41,11.73,3601.11,12.3,29.0,9.446254071661238
Epsilon_Group,Office Supplies,Delivered,Yes,546,2023-02-03,2023-02-08,5.0,101.2,97.82,53409.719999999994,3.38,1845.48,3.34,21.0,3.8461538461538463
Delta_Logistics,Raw Materials,Delivered,No,945,2023-08-22,2023-09-11,20.0,57.01,55.14,52107.3,1.87,1767.15,3.2800000000000002,147.0,15.555555555555555
Delta_Logistics,MRO,Pending,Yes,209,2023-12-14,2023-12-27,13.0,72.71,64.34,13447.060000000001,8.37,1749.33,11.51,39.0,
Beta_Supplies,Packaging,Delivered,Yes,1548,2022-01-21,,,25.03,22.87,35402.76,2.16,3343.68,8.63,,
Delta_Logistics,Raw Materials,Delivered,Yes,901,2023-08-13,2023-08-23,10.0,108.63,106.3,95776.3,2.33,2099.33,2.1399999999999997,141.0,15.64927857935627
Epsilon_Group,Packaging,Delivered,Yes,1737,2023-01-25,2023-02-11,17.0,32.7,31.02,53881.74,1.68,2918.16,5.140000000000001,48.0,2.763385146804836
Beta_Supplies,Raw Materials,Delivered,Yes,1981,2023-05-04,2023-05-22,18.0,102.43,90.99,180251.19,11.44,22662.64,11.17,204.0,10.297829379101465
Epsilon_Group,MRO,Pending,Yes,739,2022-01-07,2022-01-26,19.0,68.47,66.09,48840.51,2.38,1758.82,3.4799999999999995,19.0,
Beta_Supplies,Raw Materials,Delivered,Yes,1748,2022-12-27,2022-12-28,1.0,68.25,62.84,109844.32,5.41,9456.68,7.93,171.0,9.782608695652174
Delta_Logistics,Office Supplies,Cancelled,No,429,2022-11-02,2022-11-06,4.0,58.95,55.35,23745.15,3.6,1544.4,6.11,59.0,
Gamma_Co,Electronics,Delivered,Yes,1618,2023-02-04,,,32.76,28.41,45967.38,4.35,7038.3,13.28,62.0,
Beta_Supplies,Packaging,Delivered,No,1006,2023-03-06,2023-03-07,1.0,27.7,23.66,23801.96,4.04,4064.24,14.580000000000002,101.0,10.03976143141153
Beta_Supplies,Electronics,Partially Delivered,Yes,740,2023-07-06,2023-07-15,9.0,32.53,29.35,21719.0,3.18,2353.2,9.78,84.0,
Gamma_Co,Raw Materials,Delivered,Yes,1500,2023-07-14,,,29.19,27.24,40860.0,1.95,2925.0,6.68,72.0,
Delta_Logistics,Office Supplies,Cancelled,Yes,1686,2023-09-10,2023-09-29,19.0,88.18,77.15,130074.90000000001,11.03,18596.58,12.509999999999998,,
Epsilon_Group,Raw Materials,Cancelled,Yes,1341,2022-08-14,2022-08-16,2.0,42.96,41.75,55986.75,1.21,1622.61,2.82,39.0,
Alpha_Inc,MRO,Cancelled,Yes,1908,2023-05-15,2023-05-21,6.0,16.42,15.31,29211.48,1.11,2117.88,6.76,36.0,
Gamma_Co,MRO,Partially Delivered,Yes,1650,2022-08-13,2022-09-02,20.0,100.62,90.45,149242.5,10.17,16780.5,10.11,85.0,
Alpha_Inc,MRO,Delivered,Yes,1490,2022-10-07,2022-10-20,13.0,93.57,81.68,121703.20000000001,11.89,17716.1,12.709999999999999,29.0,1.9463087248322148
Delta_Logistics,Raw Materials,Delivered,Yes,1241,2023-03-23,2023-03-31,8.0,100.04,97.56,121071.96,2.48,3077.68,2.48,187.0,15.068493150684931
Beta_Supplies,MRO,Delivered,Yes,1915,2023-05-13,2023-05-17,4.0,107.51,102.66,196593.9,4.85,9287.75,4.51,184.0,9.608355091383812
Beta_Supplies,Raw Materials,Delivered,Yes,1116,2022-01-30,2022-02-14,15.0,25.65,24.28,27096.48,1.37,1528.92,5.34,121.0,10.842293906810035
Delta_Logistics,Raw Materials,Delivered,Yes,1629,2023-02-03,2023-02-08,5.0,48.63,43.28,70503.12,5.35,8715.15,11.0,260.0,15.960712093308778
Epsilon_Group,Office Supplies,Delivered,Yes,334,2022-12-11,2022-12-18,7.0,82.54,74.63,24926.42,7.91,2641.94,9.58,,
Epsilon_Group,Packaging,Delivered,Yes,446,2023-11-16,2023-12-06,20.0,80.63,70.37,31385.02,10.26,4575.96,12.72,,
Delta_Logistics,Electronics,Delivered,Yes,61,2023-11-27,,,26.47,24.62,1501.8200000000002,1.85,112.85,6.99,6.0,
Delta_Logistics,Packaging,Delivered,Yes,1680,2023-02-19,2023-02-21,2.0,88.85,87.53,147050.4,1.32,2217.6,1.49,,
Delta_Logistics,Electronics,Delivered,Yes,1375,2022-06-19,2022-07-06,17.0,30.95,30.02,41277.5,0.93,1278.75,3.0,223.0,16.21818181818182
Delta_Logistics,Electronics,Partially Delivered,Yes,1971,2023-04-24,2023-05-05,11.0,32.4,30.48,60076.08,1.92,3784.32,5.93,321.0,
Delta_Logistics,Raw Materials,Pending,Yes,1326,2022-05-11,,,59.49,56.21,74534.46,3.28,4349.28,5.510000000000001,,
Delta_Logistics,MRO,Cancelled,Yes,548,2023-09-30,2023-10-13,13.0,69.7,61.87,33904.76,7.83,4290.84,11.23,90.0,
Beta_Supplies,MRO,Delivered,Yes,803,2023-07-01,2023-07-07,6.0,67.81,61.53,49408.590000000004,6.28,5042.84,9.26,78.0,9.71357409713574
Alpha_Inc,MRO,Delivered,Yes,84,2022-01-28,2022-02-15,18.0,18.23,15.55,1306.2,2.68,225.12,14.7,0.0,0.0
Epsilon_Group,Packaging,Delivered,Yes,776,2023-02-08,2023-02-20,12.0,94.75,90.89,70530.64,3.86,2995.36,4.07,19.0,2.448453608247423
Alpha_Inc,MRO,Delivered,No,898,2023-08-30,2023-09-08,9.0,37.12,35.54,31914.92,1.58,1418.84,4.26,18.0,2.0044543429844097
Beta_Supplies,Office Supplies,Cancelled,Yes,139,2023-08-01,2023-08-08,7.0,23.71,20.18,2805.02,3.53,490.67,14.89,14.0,
Gamma_Co,Raw Materials,Delivered,Yes,825,2023-11-10,,,99.89,97.65,80561.25,2.24,1848.0,2.2399999999999998,30.0,
Alpha_Inc,MRO,Delivered,Yes,654,2022-01-28,2022-02-07,10.0,96.01,90.31,59062.74,5.7,3727.8,5.94,10.0,1.529051987767584
Gamma_Co,MRO,Delivered,No,1995,2022-03-27,2022-04-06,10.0,88.47,82.65,164886.75,5.82,11610.9,6.58,87.0,4.360902255639098
Beta_Supplies,MRO,Delivered,No,1019,2023-10-21,2023-10-28,7.0,91.56,77.93,79410.67000000001,13.63,13888.97,14.89,111.0,10.893032384690873
Epsilon_Group,Packaging,Pending,Yes,1675,2023-03-15,2023-03-31,16.0,73.8,65.34,109444.5,8.46,14170.5,11.459999999999999,42.0,
Gamma_Co,Raw Materials,Pending,Yes,1071,2022-05-19,2022-05-31,12.0,60.77,58.5,62653.5,2.27,2431.17,3.74,,
Beta_Supplies,Office Supplies,Delivered,Yes,467,2023-04-18,2023-04-27,9.0,19.17,17.11,7990.37,2.06,962.02,10.75,49.0,10.492505353319057
Delta_Logistics,MRO,Pending,Yes,164,2022-07-06,2022-07-25,19.0,48.16,47.46,7783.4400000000005,0.7,114.8,1.4500000000000002,27.0,
Epsilon_Group,Electronics,Cancelled,Yes,666,2022-02-21,2022-03-06,13.0,43.76,41.13,27392.58,2.63,1751.58,6.01,18.0,
Delta_Logistics,Packaging,Partially Delivered,No,1976,2022-09-24,2022-10-07,13.0,34.71,31.56,62362.56,3.15,6224.4,9.08,286.0,
Epsilon_Group,MRO,Delivered,Yes,1269,2023-01-24,2023-01-29,5.0,79.61,71.86,91190.34,7.75,9834.75,9.73,47.0,3.7037037037037033
Epsilon_Group,MRO,Delivered,Yes,875,2022-12-02,2022-12-12,10.0,57.63,51.8,45325.0,5.83,5101.25,10.12,16.0,1.8285714285714287
Alpha_Inc,Packaging,Partially Delivered,Yes,1574,2022-08-05,,,17.9,15.85,24947.899999999998,2.05,3226.7,11.450000000000001,31.0,
Epsilon_Group,Office Supplies,Partially Delivered,Yes,1699,2023-04-11,2023-04-26,15.0,32.05,29.34,49848.659999999996,2.71,4604.29,8.459999999999999,69.0,
Alpha_Inc,Electronics,Delivered,Yes,1566,2022-12-01,2022-12-17,16.0,75.43,71.27,111608.81999999999,4.16,6514.56,5.52,27.0,1.7241379310344827
Gamma_Co,Electronics,Delivered,Yes,1148,2022-12-12,2022-12-30,18.0,17.78,17.16,19699.68,0.62,711.76,3.49,61.0,5.313588850174216
Epsilon_Group,Office Supplies,Delivered,Yes,462,2023-01-24,2023-02-11,18.0,91.81,83.14,38410.68,8.67,4005.54,9.44,11.0,2.380952380952381
Gamma_Co,Packaging,Delivered,Yes,1449,2022-10-12,2022-10-17,5.0,57.02,49.28,71406.72,7.74,11215.26,13.569999999999999,71.0,4.899930986887509
Epsilon_Group,MRO,Delivered,Yes,1493,2023-03-08,2023-03-27,19.0,56.98,52.51,78397.43,4.47,6673.71,7.84,43.0,2.8801071667782985
Alpha_Inc,Office Supplies,Delivered,No,778,2022-09-16,2022-09-18,2.0,65.85,62.08,48298.24,3.77,2933.06,5.7299999999999995,,
Delta_Logistics,Packaging,Partially Delivered,No,1350,2022-03-25,2022-04-11,17.0,85.06,82.34,111159.0,2.72,3672.0,3.2,,
Epsilon_Group,Packaging,Delivered,Yes,1070,2023-04-27,2023-05-05,8.0,44.4,40.07,42874.9,4.33,4633.1,9.75,26.0,2.4299065420560746
Beta_Supplies,Packaging,Pending,Yes,810,2022-01-20,2022-02-03,14.0,71.02,66.8,54108.0,4.22,3418.2,5.94,73.0,
Delta_Logistics,Packaging,Cancelled,Yes,725,2023-07-07,2023-07-23,16.0,66.4,62.1,45022.5,4.3,3117.5,6.4799999999999995,118.0,
Alpha_Inc,Electronics,Delivered,Yes,1467,2022-02-23,2022-02-28,5.0,34.2,30.5,44743.5,3.7,5427.9,10.82,25.0,1.7041581458759374
Beta_Supplies,Packaging,Delivered,Yes,1942,2022-12-25,2023-01-12,18.0,93.98,81.31,157904.02000000002,12.67,24605.14,13.48,198.0,10.1956745623069
Gamma_Co,Office Supplies,Delivered,Yes,506,2022-08-18,,,84.63,72.69,36781.14,11.94,6041.64,14.11,20.0,
Alpha_Inc,MRO,Delivered,Yes,969,2023-10-28,2023-11-13,16.0,76.53,75.64,73295.16,0.89,862.41,1.16,30.0,3.0959752321981426
Delta_Logistics,MRO,Delivered,Yes,241,2022-03-12,2022-03-19,7.0,87.42,82.15,19798.15,5.27,1270.07,6.03,,
Gamma_Co,Raw Materials,Delivered,Yes,788,2023-10-30,2023-11-09,10.0,97.3,94.44,74418.72,2.86,2253.68,2.94,32.0,4.060913705583756
Gamma_Co,Office Supplies,Delivered,Yes,1762,2022-02-11,2022-02-13,2.0,74.12,65.71,115781.01999999999,8.41,14818.42,11.35,94.0,5.334846765039727
Alpha_Inc,Raw Materials,Pending,Yes,1172,2022-02-01,,,85.76,81.43,95435.96,4.33,5074.76,5.050000000000001,25.0,
Delta_Logistics,Office Supplies,Delivered,No,1621,2022-09-11,2022-09-30,19.0,75.68,73.78,119597.38,1.9,3079.9,2.5100000000000002,226.0,13.942011104256633
Alpha_Inc,Packaging,Delivered,No,1027,2022-07-24,2022-07-26,2.0,73.35,65.42,67186.34,7.93,8144.11,10.81,24.0,2.3369036027263874
Beta_Supplies,Raw Materials,Delivered,Yes,1058,2022-01-21,,,65.68,57.21,60528.18,8.47,8961.26,12.9,101.0,
Beta_Supplies,Packaging,Delivered,No,145,2023-09-29,2023-10-05,6.0,85.52,81.86,11869.7,3.66,530.7,4.279999999999999,11.0,7.586206896551724
Epsilon_Group,Office Supplies,Delivered,Yes,1737,2022-06-06,,,24.88,24.28,42174.36,0.6,1042.2,2.41,46.0,
Gamma_Co,Electronics,Delivered,Yes,712,2022-09-02,2022-09-15,13.0,92.85,89.39,63645.68,3.46,2463.52,3.73,43.0,6.03932584269663
Epsilon_Group,Electronics,Delivered,Yes,1263,2022-05-10,2022-05-16,6.0,90.24,86.84,109678.92,3.4,4294.2,3.7699999999999996,28.0,2.2169437846397466
Delta_Logistics,Electronics,Delivered,No,1809,2023-04-30,,,13.58,12.68,22938.12,0.9,1628.1,6.63,,
Beta_Supplies,Electronics,Cancelled,Yes,86,2023-11-17,,,93.6,88.22,7586.92,5.38,462.68,5.75,5.0,
Epsilon_Group,MRO,Delivered,Yes,1853,2022-04-28,,,21.92,20.72,38394.159999999996,1.2,2223.6,5.47,,
Beta_Supplies,Electronics,Delivered,No,1442,2023-08-01,2023-08-02,1.0,43.98,41.82,60304.44,2.16,3114.72,4.91,140.0,9.70873786407767
Beta_Supplies,Office Supplies,Pending,No,1768,2022-08-12,2022-09-01,20.0,79.61,74.97,132546.96,4.64,8203.52,5.83,207.0,
Beta_Supplies,Electronics,Partially Delivered,No,1598,2023-04-22,2023-05-03,11.0,26.3,26.03,41595.94,0.27,431.46,1.03,154.0,
Alpha_Inc,MRO,Cancelled,Yes,328,2023-12-18,2024-01-05,18.0,93.23,82.63,27102.64,10.6,3476.8,11.37,6.0,
Epsilon_Group,Packaging,Delivered,Yes,266,2022-09-20,2022-09-25,5.0,88.29,80.22,21338.52,8.07,2146.62,9.139999999999999,4.0,1.5037593984962405
Gamma_Co,Raw Materials,Delivered,Yes,916,2023-01-13,2023-01-28,15.0,59.01,53.37,48886.92,5.64,5166.24,9.56,47.0,5.131004366812228
Epsilon_Group,Packaging,Cancelled,Yes,922,2022-06-21,2022-06-25,4.0,10.84,9.27,8546.94,1.57,1447.54,14.48,29.0,
Gamma_Co,Packaging,Delivered,No,1871,2023-09-13,2023-09-28,15.0,39.42,37.41,69994.11,2.01,3760.71,5.1,101.0,5.398182789951898
Epsilon_Group,Raw Materials,Delivered,Yes,1346,2023-09-14,2023-09-20,6.0,72.08,67.04,90235.84000000001,5.04,6783.84,6.99,38.0,2.823179791976226
Epsilon_Group,Electronics,Delivered,Yes,1954,2022-04-28,2022-05-09,11.0,99.78,87.47,170916.38,12.31,24053.74,12.34,57.0,2.9170931422722624
Beta_Supplies,Electronics,Delivered,Yes,111,2022-06-17,2022-07-06,19.0,68.53,65.22,7239.42,3.31,367.41,4.83,11.0,9.90990990990991
Gamma_Co,Office Supplies,Pending,Yes,645,2022-11-15,2022-11-22,7.0,35.05,30.88,19917.6,4.17,2689.65,11.899999999999999,27.0,
Gamma_Co,Electronics,Cancelled,Yes,1953,2022-04-21,2022-05-04,13.0,68.07,62.95,122941.35,5.12,9999.36,7.5200000000000005,87.0,
Gamma_Co,Electronics,Delivered,Yes,778,2023-08-16,2023-09-02,17.0,64.17,61.6,47924.8,2.57,1999.46,4.0,47.0,6.041131105398458
Epsilon_Group,Office Supplies,Delivered,Yes,1415,2022-01-27,2022-02-09,13.0,80.19,78.34,110851.1,1.85,2617.75,2.31,,
Gamma_Co,Raw Materials,Delivered,Yes,446,2022-11-16,2022-11-22,6.0,20.61,19.46,8679.16,1.15,512.9,5.58,14.0,3.1390134529147984
Epsilon_Group,Office Supplies,Delivered,Yes,748,2023-08-13,,,85.95,79.16,59211.68,6.79,5078.92,7.9,32.0,
Alpha_Inc,Electronics,Pending,Yes,1092,2023-11-25,2023-12-03,8.0,65.17,63.11,68916.12,2.06,2249.52,3.16,21.0,
Beta_Supplies,Electronics,Delivered,Yes,226,2023-01-20,2023-02-02,13.0,102.47,99.16,22410.16,3.31,748.06,3.2300000000000004,28.0,12.389380530973451
Delta_Logistics,Electronics,Delivered,Yes,1685,2023-02-11,2023-02-20,9.0,43.42,42.24,71174.40000000001,1.18,1988.3,2.7199999999999998,262.0,15.548961424332344
Alpha_Inc,Office Supplies,Delivered,Yes,445,2022-07-23,,,68.94,60.35,26855.75,8.59,3822.55,12.46,7.0,
Gamma_Co,Raw Materials,Delivered,Yes,494,2022-03-19,2022-04-07,19.0,94.82,81.89,40453.66,12.93,6387.42,13.639999999999999,29.0,5.870445344129554
Beta_Supplies,MRO,Delivered,Yes,1306,2023-08-30,2023-09-11,12.0,21.05,18.27,23860.62,2.78,3630.68,13.209999999999999,128.0,9.80091883614089
Beta_Supplies,Office Supplies,Delivered,Yes,1988,2023-12-09,2023-12-11,2.0,105.2,93.23,185341.24000000002,11.97,23796.36,11.379999999999999,187.0,9.406438631790746
